customer_id,first_name,last_name,date_of_birth,gender,city,state,employment_type,monthly_income,customer_since
C000001,Isaac,Bakshi,1979-06-05,M,Pune,Maharashtra,BUSINESS_OWNER,92097,2020-10-16
C000002,Udant,Dewan,1967-09-08,M,Ahmedabad,Gujarat,SALARIED,213061,2024-06-19
C000003,Gagan,Sami,1962-11-15,M,Pune,Maharashtra,BUSINESS_OWNER,130604,2018-12-18
C000004,Girik,Kamdar,1976-07-17,M,Mumbai,Maharashtra,SALARIED,77314,2023-01-04
C000005,Avi,Issac,2004-12-07,M,Ahmedabad,Gujarat,BUSINESS_OWNER,72124,2024-09-03
C000006,Oni,Kannan,1991-04-13,F,Kolkata,West Bengal,SALARIED,137757,2023-09-21
C000007,Arunima,Ahuja,1971-07-30,F,Chennai,Tamil Nadu,SALARIED,218916,2024-08-25
C000008,Pahal,Oak,1979-08-15,F,Nashik,Maharashtra,SELF_EMPLOYED,92842,2020-01-13
C000009,Tanveer,Nayar,1967-09-01,M,Nashik,Maharashtra,SELF_EMPLOYED,46793,2019-07-02
C000010,Lajita,Chatterjee,1985-02-20,F,Pune,Maharashtra,SALARIED,114104,2025-12-02
C000011,Hemangini,Lalla,1963-09-01,F,Hyderabad,Telangana,SALARIED,211294,2024-12-01
C000012,Tripti,Yadav,1969-03-16,M,Jaipur,Rajasthan,SELF_EMPLOYED,40656,2026-07-22
C000013,Kritika,Brar,1998-04-12,F,Kolkata,West Bengal,BUSINESS_OWNER,182141,2021-03-15
C000014,Janaki,Handa,1965-06-11,M,Hyderabad,Telangana,BUSINESS_OWNER,38233,2019-02-06
C000015,Vedant,Mann,1966-02-21,M,Mumbai,Maharashtra,SELF_EMPLOYED,40916,2025-12-26
C000016,Viraj,Chaudhuri,1986-07-31,M,Ahmedabad,Gujarat,SELF_EMPLOYED,92869,2021-01-27
C000017,Sudiksha,Patla,1971-10-12,F,Jaipur,Rajasthan,SALARIED,117040,2021-11-10
C000018,Isha,Kadakia,1978-11-17,M,Hyderabad,Telangana,BUSINESS_OWNER,89986,2024-09-05
C000019,Ekbal,Garg,1997-01-22,M,Pune,Maharashtra,BUSINESS_OWNER,211136,2024-11-29
C000020,Yash,Gade,1992-03-02,M,Ahmedabad,Gujarat,SELF_EMPLOYED,119471,2021-12-08
C000021,Anamika,Kanda,1982-10-12,M,Bengaluru,Karnataka,BUSINESS_OWNER,105008,2025-11-17
C000022,Daksh,Karnik,1962-11-23,M,Mumbai,Maharashtra,SALARIED,231037,2025-07-23
C000023,Diya,Rattan,1978-12-06,F,Hyderabad,Telangana,SELF_EMPLOYED,37350,2019-04-10
C000024,Siddharth,Murty,1975-03-07,F,Ahmedabad,Gujarat,SALARIED,191819,2024-04-14
C000025,Xalak,Randhawa,2004-06-16,F,Jaipur,Rajasthan,BUSINESS_OWNER,140285,2022-08-12
C000026,Luke,Lanka,1970-03-19,F,Nashik,Maharashtra,SALARIED,84651,2020-10-22
C000027,Adya,Sangha,2000-06-02,F,Kolkata,West Bengal,BUSINESS_OWNER,173245,2022-02-08
C000028,Janaki,Kanda,1970-02-15,F,Delhi,Delhi,SELF_EMPLOYED,77493,2023-01-17
C000029,Wakeeta,Chand,1963-12-02,F,Nashik,Maharashtra,SALARIED,218123,2026-01-13
C000030,Imaran,Dua,2003-05-30,M,Mumbai,Maharashtra,SALARIED,184481,2020-01-27
C000031,Pahal,Bhatt,1986-11-23,F,Nashik,Maharashtra,BUSINESS_OWNER,36653,2021-12-15
C000032,Upadhriti,Wadhwa,1977-10-26,F,Delhi,Delhi,BUSINESS_OWNER,142696,2023-06-01
C000033,Advay,Contractor,1997-04-02,F,Kolkata,West Bengal,BUSINESS_OWNER,245648,2025-02-04
C000034,Amara,Oak,1968-04-20,M,Mumbai,Maharashtra,BUSINESS_OWNER,160763,2021-03-16
C000035,Radhika,Dugar,1991-08-03,F,Bengaluru,Karnataka,SALARIED,96939,2018-09-27
C000036,Adya,Tella,1972-11-13,M,Delhi,Delhi,SELF_EMPLOYED,20850,2023-01-11
C000037,Hitesh,Misra,2004-03-11,M,Bengaluru,Karnataka,BUSINESS_OWNER,47894,2023-01-11
C000038,Rushil,Dua,1986-02-26,M,Bengaluru,Karnataka,SALARIED,118019,2025-03-13
C000039,Neel,Zacharia,1996-10-20,M,Nashik,Maharashtra,BUSINESS_OWNER,104975,2026-07-10
C000040,Aadi,Naik,1993-12-17,M,Jaipur,Rajasthan,SALARIED,115153,2018-11-16
C000041,Isaac,Patil,1981-08-21,M,Bengaluru,Karnataka,SALARIED,83143,2020-09-29
C000042,Dalbir,Khosla,1999-04-27,M,Chennai,Tamil Nadu,SALARIED,211865,2019-05-19
C000043,Frederick,Sunder,1965-06-03,M,Jaipur,Rajasthan,BUSINESS_OWNER,220758,2025-03-07
C000044,Jeremiah,Dave,2005-08-10,M,Nashik,Maharashtra,BUSINESS_OWNER,144592,2022-10-02
C000045,Noah,Lanka,1996-08-14,M,Kolkata,West Bengal,SELF_EMPLOYED,158326,2026-02-17
C000046,Pallavi,Kakar,1997-05-30,F,Chennai,Tamil Nadu,SALARIED,161373,2025-02-18
C000047,Sai,Muni,1987-11-12,F,Ahmedabad,Gujarat,SELF_EMPLOYED,196078,2024-06-03
C000048,Kashvi,Sarma,1995-12-07,F,Hyderabad,Telangana,BUSINESS_OWNER,138354,2022-07-20
C000049,Jai,Kota,1976-01-01,M,Pune,Maharashtra,SALARIED,36784,2019-04-03
C000050,Hamsini,Bail,2000-09-29,M,Hyderabad,Telangana,BUSINESS_OWNER,165207,2023-06-03
C000051,Victor,Kannan,1961-03-14,M,Ahmedabad,Gujarat,SALARIED,38610,2019-04-25
C000052,Daniel,Karnik,1965-04-19,M,Mumbai,Maharashtra,SALARIED,28234,2026-05-31
C000053,Azad,Narayanan,1965-07-14,M,Hyderabad,Telangana,BUSINESS_OWNER,82391,2023-01-31
C000054,Wazir,Mallick,1993-09-29,F,Bengaluru,Karnataka,SALARIED,161356,2020-07-13
C000055,Kevin,Solanki,1977-03-31,F,Nashik,Maharashtra,SALARIED,225683,2025-05-20
C000056,Urvashi,Ray,1973-09-01,F,Jaipur,Rajasthan,SALARIED,44726,2019-07-07
C000057,Gunbir,Sankar,1984-10-27,F,Pune,Maharashtra,SELF_EMPLOYED,131038,2022-04-25
C000058,Nirja,Sibal,1964-05-25,F,Delhi,Delhi,BUSINESS_OWNER,34200,2024-06-09
C000059,Guneet,Bhat,1988-02-10,M,Pune,Maharashtra,SELF_EMPLOYED,210896,2024-11-26
C000060,Harinakshi,Chopra,1977-08-19,M,Hyderabad,Telangana,SALARIED,70224,2020-05-04
C000061,Ranveer,Yadav,1991-03-29,F,Ahmedabad,Gujarat,SALARIED,130593,2019-11-26
C000062,Pahal,Goswami,1979-09-01,F,Nashik,Maharashtra,SELF_EMPLOYED,85485,2022-08-24
C000063,Zaid,Borra,1990-11-13,F,Pune,Maharashtra,BUSINESS_OWNER,45666,2025-08-01
C000064,Guneet,Bedi,2005-02-02,M,Mumbai,Maharashtra,SALARIED,217542,2023-04-23
C000065,Alexander,Chander,1976-10-18,M,Ahmedabad,Gujarat,SELF_EMPLOYED,147307,2020-02-15
C000066,Niharika,Sunder,1993-06-20,M,Jaipur,Rajasthan,SELF_EMPLOYED,35370,2020-07-12
C000067,Nandini,Bhargava,1971-12-01,F,Nashik,Maharashtra,SALARIED,122346,2021-12-07
C000068,Aarnav,Ramakrishnan,1978-10-04,F,Bengaluru,Karnataka,SELF_EMPLOYED,130888,2026-08-04
C000069,Suhani,Mangal,1989-06-30,F,Kolkata,West Bengal,SALARIED,69780,2024-08-20
C000070,Vidhi,Dubey,1973-08-19,M,Bengaluru,Karnataka,SALARIED,171828,2021-03-26
C000071,Teerth,Bhardwaj,2000-02-15,M,Kolkata,West Bengal,BUSINESS_OWNER,102209,2024-12-19
C000072,Darsh,Murthy,1964-08-07,M,Mumbai,Maharashtra,BUSINESS_OWNER,144987,2019-02-19
C000073,Vansha,Thakkar,1996-11-08,M,Kolkata,West Bengal,SALARIED,153124,2020-01-19
C000074,Dakshesh,Trivedi,1966-03-01,M,Pune,Maharashtra,SALARIED,175984,2025-12-14
C000075,Quincy,Biswas,2001-03-15,M,Pune,Maharashtra,SELF_EMPLOYED,51427,2019-04-16
C000076,Wahab,Raval,1968-11-13,M,Chennai,Tamil Nadu,BUSINESS_OWNER,175849,2026-04-14
C000077,Yatin,Baral,2002-11-10,M,Mumbai,Maharashtra,SELF_EMPLOYED,192326,2019-05-29
C000078,Oni,Virk,1982-03-29,F,Chennai,Tamil Nadu,SELF_EMPLOYED,73545,2020-12-05
C000079,Samarth,Murthy,1976-12-14,M,Hyderabad,Telangana,SELF_EMPLOYED,123752,2020-12-20
C000080,Meghana,Deep,2004-08-21,F,Nashik,Maharashtra,SELF_EMPLOYED,102883,2021-04-06
C000081,Tanvi,Mutti,1965-08-25,M,Pune,Maharashtra,SELF_EMPLOYED,182833,2018-10-15
C000082,Tara,Chaudhry,1965-09-11,M,Chennai,Tamil Nadu,SALARIED,160937,2023-04-14
C000083,Tanay,Toor,1978-10-04,F,Ahmedabad,Gujarat,SALARIED,111490,2019-11-02
C000084,Ikshita,Biswas,1977-05-02,M,Pune,Maharashtra,SELF_EMPLOYED,94707,2021-11-08
C000085,Bhavani,Dugar,1990-07-13,F,Nashik,Maharashtra,BUSINESS_OWNER,204428,2025-10-20
C000086,Chasmum,Wadhwa,1961-03-30,M,Bengaluru,Karnataka,BUSINESS_OWNER,234198,2024-05-22
C000087,Chandani,Chawla,1969-11-06,F,Kolkata,West Bengal,BUSINESS_OWNER,47154,2020-12-16
C000088,Jack,Chhabra,1998-05-11,F,Nashik,Maharashtra,SALARIED,48058,2020-01-12
C000089,Anita,Manda,2001-11-14,M,Kolkata,West Bengal,SELF_EMPLOYED,93860,2020-07-02
C000090,Hemal,Jani,2003-11-15,M,Chennai,Tamil Nadu,BUSINESS_OWNER,109884,2025-12-18
C000091,Aishani,Tiwari,1993-12-15,F,Ahmedabad,Gujarat,BUSINESS_OWNER,148065,2020-11-05
C000092,Charan,Chanda,2003-11-16,M,Bengaluru,Karnataka,SALARIED,186273,2022-04-25
C000093,Aradhana,Basu,1960-12-14,F,Delhi,Delhi,SALARIED,20929,2021-07-19
C000094,Kalpit,Lala,1971-09-16,M,Hyderabad,Telangana,BUSINESS_OWNER,88670,2025-01-05
C000095,Riya,Sane,1998-11-18,F,Nashik,Maharashtra,BUSINESS_OWNER,204986,2018-10-17
C000096,Isaac,Borra,1970-11-08,M,Delhi,Delhi,SALARIED,39724,2023-05-09
C000097,Balendra,Pingle,2000-05-08,M,Nashik,Maharashtra,SELF_EMPLOYED,172701,2023-05-30
C000098,Manbir,Sani,1969-05-20,M,Kolkata,West Bengal,SELF_EMPLOYED,53409,2019-01-24
C000099,Darika,Patla,1963-06-05,F,Mumbai,Maharashtra,SELF_EMPLOYED,228698,2026-05-10
C000100,Ishita,Kade,1977-09-10,F,Mumbai,Maharashtra,SALARIED,198799,2024-05-20
C000101,Harshil,Pandya,1998-10-23,M,Ahmedabad,Gujarat,SELF_EMPLOYED,224502,2026-03-25
C000102,Niharika,Dubey,1976-10-27,F,Kolkata,West Bengal,BUSINESS_OWNER,216471,2026-01-24
C000103,Nicholas,Goel,1988-10-07,M,Nashik,Maharashtra,SALARIED,229685,2018-12-03
C000104,Praneel,Natarajan,1988-09-23,F,Nashik,Maharashtra,SALARIED,67018,2025-07-14
C000105,Yuvraj,Loke,1971-07-18,F,Hyderabad,Telangana,BUSINESS_OWNER,246509,2025-05-29
C000106,Hritik,Raja,1963-05-07,F,Ahmedabad,Gujarat,SALARIED,226405,2026-01-05
C000107,Upma,Kapadia,1974-04-17,F,Pune,Maharashtra,SALARIED,245075,2025-08-28
C000108,Triveni,Palla,1981-06-24,M,Jaipur,Rajasthan,SALARIED,234063,2025-09-09
C000109,Vedant,Kapoor,1962-04-28,F,Jaipur,Rajasthan,SELF_EMPLOYED,235098,2024-04-28
C000110,Reyansh,Rastogi,1983-01-18,M,Ahmedabad,Gujarat,SALARIED,193023,2021-01-29
C000111,Ekaraj,Mallick,1984-08-09,F,Ahmedabad,Gujarat,SELF_EMPLOYED,93034,2024-03-02
C000112,Yashodhara,Ratta,1997-03-14,F,Pune,Maharashtra,SELF_EMPLOYED,188160,2021-07-11
C000113,Ayaan,D’Alia,1978-06-27,F,Kolkata,West Bengal,BUSINESS_OWNER,241160,2020-03-24
C000114,Alka,Barad,1968-02-02,F,Kolkata,West Bengal,SALARIED,50236,2023-10-14
C000115,Radha,Pai,1982-01-21,M,Bengaluru,Karnataka,BUSINESS_OWNER,89590,2022-06-03
C000116,Yasti,D’Alia,1986-12-04,M,Mumbai,Maharashtra,BUSINESS_OWNER,133918,2026-05-12
C000117,Ranveer,Kumar,1963-09-25,F,Hyderabad,Telangana,SELF_EMPLOYED,178914,2024-09-27
C000118,Rajata,Agarwal,1996-02-03,M,Kolkata,West Bengal,SELF_EMPLOYED,171149,2026-08-01
C000119,Ronith,Patla,1990-01-22,F,Ahmedabad,Gujarat,SALARIED,205803,2019-04-22
C000120,Ganga,Murthy,1969-03-11,M,Delhi,Delhi,BUSINESS_OWNER,231421,2024-10-31
C000121,Charita,Tripathi,1981-10-04,M,Kolkata,West Bengal,SELF_EMPLOYED,133062,2024-05-19
C000122,Nilima,Narain,1988-02-04,F,Pune,Maharashtra,BUSINESS_OWNER,102291,2024-08-22
C000123,Chakrika,Datta,1973-10-07,F,Pune,Maharashtra,BUSINESS_OWNER,101077,2022-04-15
C000124,Ladli,Ghosh,2002-08-06,F,Delhi,Delhi,SELF_EMPLOYED,202769,2023-07-21
C000125,Charvi,Ravi,1997-12-31,M,Bengaluru,Karnataka,SALARIED,130217,2025-10-20
C000126,Aadi,Modi,1980-03-27,M,Delhi,Delhi,BUSINESS_OWNER,169187,2020-07-01
C000127,Qushi,Nagy,1992-05-09,F,Bengaluru,Karnataka,BUSINESS_OWNER,238556,2022-06-20
C000128,Riya,Kala,1995-07-01,F,Mumbai,Maharashtra,SELF_EMPLOYED,75098,2022-09-26
C000129,Omkaar,Chad,1980-01-09,F,Delhi,Delhi,SELF_EMPLOYED,135811,2023-02-04
C000130,Gautami,Chander,1976-09-10,M,Jaipur,Rajasthan,BUSINESS_OWNER,144042,2024-06-07
C000131,Dayita,Kar,1974-04-06,M,Nashik,Maharashtra,SELF_EMPLOYED,155122,2019-12-18
C000132,Aryan,Batra,1977-05-16,F,Chennai,Tamil Nadu,SALARIED,234544,2022-10-02
C000133,Elijah,Shah,1988-11-29,F,Ahmedabad,Gujarat,SALARIED,231435,2026-04-01
C000134,Robert,Rajagopalan,1994-05-09,M,Ahmedabad,Gujarat,SALARIED,32114,2022-02-09
C000135,Yagnesh,Divan,2005-05-10,F,Ahmedabad,Gujarat,BUSINESS_OWNER,242753,2024-07-23
C000136,Abdul,Chhabra,1989-08-23,F,Pune,Maharashtra,SELF_EMPLOYED,185089,2020-07-27
C000137,Patrick,Vasa,1992-04-28,M,Chennai,Tamil Nadu,BUSINESS_OWNER,202545,2019-02-20
C000138,Zaid,Dara,1991-10-10,F,Delhi,Delhi,SELF_EMPLOYED,83959,2019-11-05
C000139,Ucchal,Wali,1998-09-30,M,Nashik,Maharashtra,SALARIED,224058,2023-10-11
C000140,Edhitha,Savant,2002-05-27,M,Delhi,Delhi,SALARIED,230792,2025-08-23
C000141,Yamini,Sandhu,1997-12-29,F,Kolkata,West Bengal,SALARIED,166120,2022-07-03
C000142,Nathan,Soman,1991-05-04,M,Ahmedabad,Gujarat,SELF_EMPLOYED,54954,2020-11-30
C000143,Yug,Malhotra,1996-03-08,F,Jaipur,Rajasthan,SELF_EMPLOYED,180603,2022-10-31
C000144,William,Maharaj,1990-08-24,F,Kolkata,West Bengal,BUSINESS_OWNER,136893,2019-05-15
C000145,Bhavika,Keer,1979-03-15,F,Nashik,Maharashtra,SELF_EMPLOYED,87945,2021-07-26
C000146,Ekaja,Zachariah,1966-03-12,F,Ahmedabad,Gujarat,BUSINESS_OWNER,147034,2019-11-20
C000147,Matthew,Kashyap,1986-10-11,F,Ahmedabad,Gujarat,SELF_EMPLOYED,40311,2024-08-12
C000148,Michael,Kala,1965-01-30,M,Bengaluru,Karnataka,SELF_EMPLOYED,108040,2022-03-28
C000149,Nikita,Narayanan,1997-08-20,M,Hyderabad,Telangana,SALARIED,59539,2022-09-03
C000150,Ojasvi,Bhatia,1974-10-14,F,Ahmedabad,Gujarat,BUSINESS_OWNER,60056,2025-10-17
C000151,Osha,Ramachandran,2000-06-16,M,Ahmedabad,Gujarat,SELF_EMPLOYED,126849,2024-08-16
C000152,Anmol,Rai,1993-03-03,F,Hyderabad,Telangana,SELF_EMPLOYED,36322,2018-10-05
C000153,Indira,Misra,1987-04-02,F,Ahmedabad,Gujarat,SELF_EMPLOYED,221797,2025-12-20
C000154,Oni,Yohannan,1997-11-16,M,Chennai,Tamil Nadu,BUSINESS_OWNER,119714,2025-07-07
C000155,Thomas,Sura,1975-08-23,M,Jaipur,Rajasthan,SELF_EMPLOYED,98279,2021-01-11
C000156,Rajata,Sunder,1962-09-08,F,Delhi,Delhi,BUSINESS_OWNER,215956,2022-01-07
C000157,Gayathri,Ravel,1971-12-11,M,Kolkata,West Bengal,SELF_EMPLOYED,77520,2025-11-10
C000158,Unni,Datta,2003-01-21,F,Bengaluru,Karnataka,SELF_EMPLOYED,27608,2023-04-03
C000159,Avi,Ramesh,2000-12-27,F,Delhi,Delhi,BUSINESS_OWNER,198032,2023-07-06
C000160,Avi,Chacko,2004-06-13,M,Delhi,Delhi,SELF_EMPLOYED,53456,2022-05-10
C000161,Krishna,Shenoy,1973-01-28,M,Chennai,Tamil Nadu,SELF_EMPLOYED,175161,2019-02-20
C000162,Abha,Raghavan,1982-12-27,M,Chennai,Tamil Nadu,SALARIED,188492,2020-07-05
C000163,Suhani,Narain,1983-09-05,M,Delhi,Delhi,SELF_EMPLOYED,67639,2025-03-09
C000164,Ladli,Mall,1989-05-26,F,Mumbai,Maharashtra,SELF_EMPLOYED,105813,2020-11-08
C000165,Finn,Singhal,1962-01-11,F,Ahmedabad,Gujarat,SELF_EMPLOYED,108473,2025-01-30
C000166,Charles,Palla,1975-12-21,F,Delhi,Delhi,SELF_EMPLOYED,86131,2024-03-28
C000167,Ekapad,Baria,1962-10-28,F,Pune,Maharashtra,SALARIED,216352,2020-10-24
C000168,Ryan,Bahri,2002-12-29,M,Kolkata,West Bengal,SELF_EMPLOYED,78778,2020-01-03
C000169,William,Date,1992-12-08,M,Pune,Maharashtra,SALARIED,84823,2024-05-27
C000170,Ishwar,Kamdar,1992-05-10,M,Ahmedabad,Gujarat,BUSINESS_OWNER,59946,2024-08-29
C000171,Aahana,Pillay,1972-02-17,M,Ahmedabad,Gujarat,SELF_EMPLOYED,195494,2023-11-12
C000172,Ishwar,Gade,1981-11-16,M,Pune,Maharashtra,SELF_EMPLOYED,203360,2019-08-18
C000173,Atharv,Muni,1999-11-23,F,Bengaluru,Karnataka,SALARIED,178831,2024-06-21
C000174,Keya,Ranganathan,1974-03-17,M,Chennai,Tamil Nadu,SALARIED,101536,2019-05-11
C000175,Xavier,Chaudry,1981-03-26,M,Pune,Maharashtra,SELF_EMPLOYED,170941,2025-12-10
C000176,Jai,Barman,1984-05-03,F,Delhi,Delhi,BUSINESS_OWNER,71990,2023-03-30
C000177,Priya,Prabhakar,1965-05-27,M,Pune,Maharashtra,SALARIED,202764,2023-01-05
C000178,Harita,Arora,1989-04-18,M,Bengaluru,Karnataka,BUSINESS_OWNER,225163,2025-09-14
C000179,Vrishti,Cherian,1990-03-19,F,Mumbai,Maharashtra,BUSINESS_OWNER,132296,2021-10-16
C000180,Tripti,Dua,1990-05-07,M,Hyderabad,Telangana,BUSINESS_OWNER,189749,2020-03-17
C000181,Anamika,Yohannan,1993-08-12,M,Hyderabad,Telangana,SELF_EMPLOYED,235569,2022-08-31
C000182,Rajata,Loyal,1982-08-23,M,Jaipur,Rajasthan,SELF_EMPLOYED,114945,2025-12-15
C000183,Yatan,Chadha,1979-09-10,M,Jaipur,Rajasthan,SELF_EMPLOYED,66173,2026-03-18
C000184,Shravya,Kohli,1992-05-02,F,Kolkata,West Bengal,BUSINESS_OWNER,231864,2023-07-23
C000185,Ladli,Nayar,1962-08-31,F,Kolkata,West Bengal,SELF_EMPLOYED,134183,2022-11-30
C000186,Ekta,Gopal,1993-11-21,F,Chennai,Tamil Nadu,SELF_EMPLOYED,243271,2020-07-07
C000187,Isha,Kuruvilla,1983-11-15,M,Ahmedabad,Gujarat,SELF_EMPLOYED,138175,2021-02-01
C000188,Anya,Anne,1995-11-13,F,Ahmedabad,Gujarat,BUSINESS_OWNER,179994,2020-05-02
C000189,Frederick,Khurana,1988-05-14,F,Delhi,Delhi,SALARIED,149579,2022-11-12
C000190,Wridesh,Soni,2004-08-31,M,Hyderabad,Telangana,SELF_EMPLOYED,75605,2024-10-06
C000191,Vritti,Sem,1961-11-19,F,Hyderabad,Telangana,SELF_EMPLOYED,93310,2019-07-03
C000192,Chaitaly,Kant,1988-03-25,F,Chennai,Tamil Nadu,BUSINESS_OWNER,22661,2024-08-05
C000193,Yagnesh,Mohan,2000-04-14,M,Kolkata,West Bengal,SALARIED,83270,2021-11-06
C000194,Urvashi,Wali,1984-02-08,F,Delhi,Delhi,BUSINESS_OWNER,218748,2022-04-30
C000195,Ganga,Pandey,1991-08-03,F,Ahmedabad,Gujarat,BUSINESS_OWNER,206605,2021-01-05
C000196,Damini,Krishnamurthy,1976-05-26,F,Jaipur,Rajasthan,SALARIED,44393,2019-09-26
C000197,Reyansh,Mutti,1968-11-05,M,Bengaluru,Karnataka,SELF_EMPLOYED,201347,2025-01-11
C000198,Qasim,Handa,1975-06-09,F,Ahmedabad,Gujarat,BUSINESS_OWNER,172451,2024-12-28
C000199,Veda,Malhotra,2000-10-31,F,Hyderabad,Telangana,BUSINESS_OWNER,159177,2025-03-05
C000200,Barkha,Chaudhry,1973-12-02,F,Hyderabad,Telangana,BUSINESS_OWNER,164281,2021-03-25
C000201,Utkarsh,Patel,1972-12-03,F,Hyderabad,Telangana,BUSINESS_OWNER,138946,2021-04-13
C000202,Akshay,Walla,1969-04-29,F,Bengaluru,Karnataka,SELF_EMPLOYED,80434,2021-01-16
C000203,Chakradev,Bhagat,1998-05-14,M,Pune,Maharashtra,SELF_EMPLOYED,51340,2021-03-12
C000204,Jonathan,Swaminathan,1967-09-10,M,Kolkata,West Bengal,SALARIED,76723,2026-02-18
C000205,Advik,Mane,1992-08-26,F,Jaipur,Rajasthan,BUSINESS_OWNER,174556,2022-10-13
C000206,Ridhi,Oak,1973-04-04,F,Kolkata,West Bengal,SALARIED,238268,2019-02-23
C000207,Zayyan,Sridhar,1968-06-22,F,Ahmedabad,Gujarat,SALARIED,114602,2025-09-14
C000208,Dhruv,Rattan,1994-03-05,F,Nashik,Maharashtra,SALARIED,205602,2019-05-05
C000209,Chatresh,Doshi,1970-11-12,M,Kolkata,West Bengal,SELF_EMPLOYED,31931,2025-08-11
C000210,Daksha,Chada,1977-08-07,F,Mumbai,Maharashtra,BUSINESS_OWNER,53103,2019-09-20
C000211,Omaja,Kara,1996-04-09,M,Jaipur,Rajasthan,SALARIED,170487,2021-12-11
C000212,Shravya,Savant,1980-12-11,F,Bengaluru,Karnataka,SELF_EMPLOYED,135466,2026-01-10
C000213,Pushti,Mody,1999-05-29,M,Hyderabad,Telangana,SALARIED,86185,2023-12-29
C000214,Darpan,Chaudhary,1974-11-07,M,Jaipur,Rajasthan,SALARIED,125043,2024-01-12
C000215,Siddharth,Lalla,2005-08-27,M,Jaipur,Rajasthan,BUSINESS_OWNER,185005,2019-05-27
C000216,Naksh,Khatri,1972-07-16,M,Mumbai,Maharashtra,SALARIED,232636,2023-05-28
C000217,Falan,Dugar,1960-11-22,F,Chennai,Tamil Nadu,SALARIED,85061,2022-03-09
C000218,Shravya,Singhal,1980-07-13,F,Pune,Maharashtra,BUSINESS_OWNER,176271,2018-12-27
C000219,Vincent,Mani,1979-12-14,M,Chennai,Tamil Nadu,BUSINESS_OWNER,119713,2024-09-09
C000220,Sudiksha,Bobal,1976-08-05,F,Jaipur,Rajasthan,SELF_EMPLOYED,245487,2026-07-27
C000221,Aishani,Hora,1989-08-22,F,Chennai,Tamil Nadu,SELF_EMPLOYED,169062,2019-09-08
C000222,Umang,Dixit,1978-10-15,M,Chennai,Tamil Nadu,BUSINESS_OWNER,214009,2025-09-28
C000223,Lucky,Bora,1964-10-08,M,Pune,Maharashtra,BUSINESS_OWNER,75318,2020-02-14
C000224,Damyanti,Mani,1990-08-06,M,Bengaluru,Karnataka,SALARIED,82879,2019-10-08
C000225,Upadhriti,Modi,1988-02-07,M,Nashik,Maharashtra,SALARIED,20701,2021-01-09
C000226,Xiti,Zacharia,1994-04-25,F,Delhi,Delhi,BUSINESS_OWNER,175664,2022-06-08
C000227,Faris,Baral,1990-02-10,F,Jaipur,Rajasthan,SALARIED,80680,2024-12-16
C000228,Ekantika,Krishna,1962-06-21,F,Bengaluru,Karnataka,BUSINESS_OWNER,245340,2019-06-27
C000229,Veer,Bail,1979-01-19,M,Jaipur,Rajasthan,BUSINESS_OWNER,81190,2023-08-12
C000230,Banjeet,Gill,1992-09-23,M,Bengaluru,Karnataka,SELF_EMPLOYED,50087,2023-02-15
C000231,Riya,Mall,1973-01-22,M,Kolkata,West Bengal,BUSINESS_OWNER,59056,2023-09-09
C000232,Rajata,Swamy,1966-12-02,M,Bengaluru,Karnataka,SALARIED,35633,2022-09-16
C000233,Ijaya,Rege,1983-05-24,F,Nashik,Maharashtra,BUSINESS_OWNER,216334,2021-06-10
C000234,Henry,Dyal,1983-02-26,F,Chennai,Tamil Nadu,SELF_EMPLOYED,52598,2022-03-18
C000235,Warhi,Mani,1987-12-18,F,Jaipur,Rajasthan,BUSINESS_OWNER,125515,2025-08-18
C000236,Balhaar,Sha,1966-09-14,F,Bengaluru,Karnataka,SELF_EMPLOYED,41087,2021-05-21
C000237,Zayyan,Naik,1968-08-07,M,Chennai,Tamil Nadu,SELF_EMPLOYED,212553,2025-04-13
C000238,Netra,Varkey,1960-10-15,F,Hyderabad,Telangana,SALARIED,43940,2024-04-21
C000239,Turvi,Sachdev,1964-05-26,M,Ahmedabad,Gujarat,BUSINESS_OWNER,235330,2020-04-21
C000240,Zarna,Pathak,2003-01-30,M,Bengaluru,Karnataka,SALARIED,143338,2025-02-22
C000241,Wishi,Sathe,1964-03-22,F,Kolkata,West Bengal,SELF_EMPLOYED,67576,2020-06-10
C000242,Amara,Deep,1980-04-24,F,Chennai,Tamil Nadu,BUSINESS_OWNER,233449,2022-06-09
C000243,Vedhika,Dara,1962-09-04,M,Jaipur,Rajasthan,SELF_EMPLOYED,111215,2024-01-26
C000244,Wriddhish,Dutt,1981-11-09,F,Delhi,Delhi,SELF_EMPLOYED,195671,2023-05-25
C000245,Akshay,Reddy,1967-01-20,M,Pune,Maharashtra,SELF_EMPLOYED,127910,2020-08-15
C000246,Ishaan,Shenoy,1968-09-14,F,Jaipur,Rajasthan,BUSINESS_OWNER,124976,2024-03-21
C000247,Mitesh,Tara,1980-07-28,M,Kolkata,West Bengal,SELF_EMPLOYED,43084,2023-01-15
C000248,Anjali,Sagar,1993-07-18,F,Hyderabad,Telangana,SELF_EMPLOYED,50388,2022-09-23
C000249,Yagnesh,Shan,1998-03-23,M,Delhi,Delhi,BUSINESS_OWNER,247899,2019-12-10
C000250,Leela,Halder,2001-07-01,F,Kolkata,West Bengal,SELF_EMPLOYED,34209,2023-01-13
C000251,Laban,Boase,1979-07-06,F,Ahmedabad,Gujarat,BUSINESS_OWNER,218297,2025-04-13
C000252,Oeshi,Oak,1995-04-06,F,Jaipur,Rajasthan,SALARIED,73361,2020-12-25
C000253,Aarnav,Mandal,1981-01-10,M,Bengaluru,Karnataka,SELF_EMPLOYED,134849,2025-10-31
C000254,Vrishti,Dixit,1991-02-05,M,Jaipur,Rajasthan,SALARIED,185156,2023-04-17
C000255,Veda,Pai,1983-05-02,M,Chennai,Tamil Nadu,BUSINESS_OWNER,61517,2023-05-28
C000256,Krishna,Shah,1982-08-10,M,Bengaluru,Karnataka,BUSINESS_OWNER,126952,2026-02-08
C000257,Ranbir,Khare,1999-08-16,M,Pune,Maharashtra,SALARIED,140965,2021-12-19
C000258,Vivaan,Roy,1963-09-06,M,Pune,Maharashtra,SELF_EMPLOYED,207853,2021-06-01
C000259,Urvashi,Raj,1986-12-26,F,Bengaluru,Karnataka,SELF_EMPLOYED,238817,2024-05-10
C000260,Max,Tandon,1963-03-26,F,Jaipur,Rajasthan,SALARIED,139743,2019-10-14
C000261,Yadavi,Narula,1967-07-17,M,Kolkata,West Bengal,SELF_EMPLOYED,69967,2026-02-23
C000262,Ria,Chaudhry,1996-07-02,M,Chennai,Tamil Nadu,SALARIED,92416,2026-06-15
C000263,Tanmayi,Aurora,1970-07-10,F,Delhi,Delhi,BUSINESS_OWNER,90037,2022-03-13
C000264,Mohammed,Borde,1992-08-29,F,Mumbai,Maharashtra,BUSINESS_OWNER,98264,2025-05-11
C000265,Alka,Nigam,2003-02-15,F,Chennai,Tamil Nadu,SALARIED,137059,2024-08-08
C000266,Mitali,Buch,1983-01-26,F,Kolkata,West Bengal,SELF_EMPLOYED,107147,2025-12-17
C000267,Lajita,Nadig,2003-05-14,F,Kolkata,West Bengal,SELF_EMPLOYED,104352,2024-10-27
C000268,Vinaya,Banik,2002-09-24,M,Ahmedabad,Gujarat,BUSINESS_OWNER,120393,2019-04-17
C000269,Wahab,Mani,1976-03-11,F,Ahmedabad,Gujarat,SALARIED,103408,2025-01-23
C000270,Gautam,Saraf,1967-05-30,F,Jaipur,Rajasthan,SELF_EMPLOYED,193982,2025-03-06
C000271,Harish,Sawhney,1972-01-13,F,Nashik,Maharashtra,SALARIED,53094,2024-08-12
C000272,Chandani,Balakrishnan,1963-11-04,F,Kolkata,West Bengal,SALARIED,249163,2021-06-20
C000273,Daksh,Memon,1985-02-07,M,Jaipur,Rajasthan,BUSINESS_OWNER,139780,2021-11-24
C000274,Raagini,Dhingra,1977-04-30,M,Mumbai,Maharashtra,SELF_EMPLOYED,248309,2023-03-25
C000275,Nisha,Gole,1972-04-11,M,Nashik,Maharashtra,SELF_EMPLOYED,224872,2020-03-13
C000276,Farhan,Raja,2002-11-18,F,Bengaluru,Karnataka,BUSINESS_OWNER,201588,2024-07-09
C000277,Wridesh,Tank,2000-05-24,M,Delhi,Delhi,SELF_EMPLOYED,243436,2019-12-05
C000278,Vincent,Shenoy,2004-02-14,F,Kolkata,West Bengal,SELF_EMPLOYED,184311,2020-11-14
C000279,Tripti,Kumer,1961-05-08,M,Jaipur,Rajasthan,BUSINESS_OWNER,37936,2026-05-10
C000280,Udyati,Mani,1997-11-27,F,Ahmedabad,Gujarat,SALARIED,215760,2020-01-20
C000281,Ethan,Sathe,1984-03-24,F,Pune,Maharashtra,SALARIED,219326,2023-09-16
C000282,Chandani,Samra,1977-09-24,F,Pune,Maharashtra,SALARIED,201928,2022-08-06
C000283,Chasmum,Issac,1986-11-21,M,Bengaluru,Karnataka,SALARIED,105032,2025-12-20
C000284,Vasudha,Chhabra,1976-11-07,F,Mumbai,Maharashtra,SELF_EMPLOYED,118262,2021-12-14
C000285,Jagrati,Merchant,1980-10-20,M,Delhi,Delhi,SALARIED,159242,2018-11-24
C000286,Meghana,Maharaj,1961-04-06,M,Delhi,Delhi,SALARIED,65893,2023-07-11
C000287,Chandran,Taneja,1980-03-09,F,Pune,Maharashtra,BUSINESS_OWNER,199079,2025-04-23
C000288,Victor,Pandey,1975-08-13,F,Ahmedabad,Gujarat,BUSINESS_OWNER,57517,2024-02-15
C000289,Ranveer,Krishna,2005-07-27,F,Ahmedabad,Gujarat,BUSINESS_OWNER,86578,2024-07-02
C000290,Laksh,Chatterjee,2003-05-30,F,Jaipur,Rajasthan,BUSINESS_OWNER,22463,2024-03-17
C000291,Balveer,More,1990-09-16,F,Jaipur,Rajasthan,BUSINESS_OWNER,163287,2018-12-29
C000292,Janya,Deep,1966-11-05,M,Nashik,Maharashtra,SELF_EMPLOYED,110587,2026-06-13
C000293,Chakrika,Narain,1988-12-26,F,Chennai,Tamil Nadu,BUSINESS_OWNER,131230,2020-03-15
C000294,Sai,Deo,1997-06-02,F,Bengaluru,Karnataka,SELF_EMPLOYED,72223,2026-03-02
C000295,Jasmit,Wali,1994-11-10,F,Delhi,Delhi,SALARIED,82182,2026-06-25
C000296,Anjali,Gala,1978-03-14,F,Delhi,Delhi,BUSINESS_OWNER,97561,2026-06-26
C000297,Vasatika,Merchant,1983-10-05,M,Bengaluru,Karnataka,BUSINESS_OWNER,123758,2025-07-20
C000298,Ishwar,Sidhu,1965-11-01,M,Bengaluru,Karnataka,BUSINESS_OWNER,246772,2019-11-28
C000299,Upkaar,Ranganathan,1998-08-21,F,Mumbai,Maharashtra,SELF_EMPLOYED,223355,2021-10-27
C000300,Gautam,Rana,1961-08-28,F,Ahmedabad,Gujarat,SALARIED,186885,2020-12-16
C000301,Jatin,Sha,1985-10-17,F,Ahmedabad,Gujarat,BUSINESS_OWNER,218070,2024-06-07
C000302,Adweta,Raj,2004-03-01,M,Nashik,Maharashtra,BUSINESS_OWNER,189434,2021-11-14
C000303,Hritik,Kaur,1992-10-17,F,Mumbai,Maharashtra,SELF_EMPLOYED,28746,2018-12-03
C000304,Falak,Kant,2004-10-13,F,Chennai,Tamil Nadu,BUSINESS_OWNER,54448,2019-04-01
C000305,Ucchal,Mittal,2004-11-21,F,Pune,Maharashtra,SELF_EMPLOYED,215947,2022-03-08
C000306,Jackson,Dey,1963-10-19,M,Delhi,Delhi,SALARIED,54644,2019-01-10
C000307,Daksha,Tailor,1968-08-12,F,Kolkata,West Bengal,BUSINESS_OWNER,151542,2019-07-15
C000308,Wahab,Yogi,1969-12-10,M,Bengaluru,Karnataka,SELF_EMPLOYED,236187,2022-01-06
C000309,Sudiksha,Prabhakar,1997-06-21,F,Jaipur,Rajasthan,BUSINESS_OWNER,248169,2022-04-11
C000310,Mohammed,Sachdeva,2005-04-12,M,Hyderabad,Telangana,SELF_EMPLOYED,39739,2019-07-21
C000311,Vrishti,Reddy,1979-09-30,M,Nashik,Maharashtra,BUSINESS_OWNER,209849,2018-12-27
C000312,Kamala,Kalla,1990-11-19,F,Delhi,Delhi,SALARIED,227272,2022-06-29
C000313,Warinder,Patil,1967-06-22,M,Delhi,Delhi,SELF_EMPLOYED,160659,2024-07-17
C000314,Jhalak,Parmer,1964-10-30,F,Pune,Maharashtra,SELF_EMPLOYED,196377,2022-02-04
C000315,Anya,Gupta,1969-01-09,F,Bengaluru,Karnataka,BUSINESS_OWNER,117379,2025-12-03
C000316,Suhani,Chand,1975-02-22,M,Pune,Maharashtra,SELF_EMPLOYED,26560,2024-03-02
C000317,Ansh,Bedi,1983-05-29,F,Chennai,Tamil Nadu,BUSINESS_OWNER,78030,2020-10-12
C000318,Jeremiah,Jha,1965-05-19,F,Pune,Maharashtra,BUSINESS_OWNER,99217,2025-10-08
C000319,Sarthak,Kalita,1976-07-26,M,Delhi,Delhi,SALARIED,31887,2021-07-03
C000320,Manbir,Agate,1979-07-31,F,Mumbai,Maharashtra,SELF_EMPLOYED,50440,2026-01-04
C000321,Maanav,De,1997-06-22,M,Pune,Maharashtra,BUSINESS_OWNER,55563,2020-11-03
C000322,Owen,Choudhary,2005-09-11,F,Delhi,Delhi,SELF_EMPLOYED,195763,2026-01-29
C000323,Atharv,Deep,1961-09-21,F,Kolkata,West Bengal,BUSINESS_OWNER,214581,2021-10-04
C000324,Wazir,Naik,1961-10-14,F,Nashik,Maharashtra,BUSINESS_OWNER,45957,2020-03-11
C000325,Alka,Ben,1969-05-03,F,Jaipur,Rajasthan,SELF_EMPLOYED,28576,2025-01-07
C000326,Oviya,Vora,1968-06-11,M,Hyderabad,Telangana,SELF_EMPLOYED,136574,2025-01-19
C000327,Devansh,Soni,1991-03-20,F,Ahmedabad,Gujarat,SALARIED,199746,2025-04-30
C000328,Janaki,Varghese,2001-02-09,F,Hyderabad,Telangana,SALARIED,124369,2019-08-21
C000329,Siya,Thakur,1975-10-15,M,Bengaluru,Karnataka,SALARIED,242306,2023-12-11
C000330,Caleb,Verma,1981-03-28,M,Jaipur,Rajasthan,BUSINESS_OWNER,75602,2022-08-10
C000331,Azaan,Bhat,1993-04-22,M,Chennai,Tamil Nadu,SALARIED,226253,2025-12-01
C000332,Neelima,Sandhu,1968-01-22,M,Hyderabad,Telangana,SALARIED,226301,2022-11-18
C000333,Sachi,Borah,1966-03-18,M,Chennai,Tamil Nadu,SALARIED,237531,2021-06-13
C000334,Manbir,Bhatti,1969-04-19,M,Kolkata,West Bengal,BUSINESS_OWNER,76610,2021-01-18
C000335,Ekta,Raj,2001-05-13,F,Ahmedabad,Gujarat,SALARIED,226738,2023-03-23
C000336,Chaitaly,Setty,1995-02-11,M,Chennai,Tamil Nadu,SELF_EMPLOYED,245026,2023-11-10
C000337,Qushi,Chaudhary,1968-06-30,M,Nashik,Maharashtra,BUSINESS_OWNER,85707,2025-12-18
C000338,Tanveer,Sani,1991-06-10,M,Nashik,Maharashtra,BUSINESS_OWNER,247134,2026-04-07
C000339,Vedant,Sachdev,1983-10-11,M,Mumbai,Maharashtra,SALARIED,113911,2025-09-30
C000340,Sudiksha,Rastogi,1989-01-07,F,Ahmedabad,Gujarat,SALARIED,65677,2024-11-30
C000341,Girish,Munshi,1989-10-02,M,Bengaluru,Karnataka,SALARIED,214436,2021-05-14
C000342,Aadhya,Prasad,1971-02-05,M,Delhi,Delhi,BUSINESS_OWNER,36661,2024-07-20
C000343,Urvi,Bhavsar,1966-12-02,F,Jaipur,Rajasthan,SELF_EMPLOYED,154542,2025-10-14
C000344,Frederick,Chander,1990-02-06,M,Chennai,Tamil Nadu,SELF_EMPLOYED,152078,2019-07-14
C000345,Kashish,De,1998-07-28,M,Ahmedabad,Gujarat,BUSINESS_OWNER,225318,2019-03-22
C000346,Forum,Das,1988-08-31,F,Kolkata,West Bengal,SELF_EMPLOYED,188647,2021-09-19
C000347,Pallavi,Behl,1980-04-14,M,Mumbai,Maharashtra,SELF_EMPLOYED,242114,2023-10-26
C000348,Devika,Pandey,1967-10-06,F,Delhi,Delhi,BUSINESS_OWNER,48301,2023-08-17
C000349,Yashica,Kala,1971-03-29,F,Jaipur,Rajasthan,SALARIED,41178,2024-04-18
C000350,Vasatika,Kapur,1968-01-28,M,Hyderabad,Telangana,SALARIED,53080,2021-09-08
C000351,Jhalak,Contractor,1979-09-01,F,Bengaluru,Karnataka,SELF_EMPLOYED,176602,2023-08-05
C000352,Upkaar,Sanghvi,1998-11-19,F,Kolkata,West Bengal,SELF_EMPLOYED,152527,2025-03-28
C000353,Atharv,Loke,1962-09-06,F,Chennai,Tamil Nadu,SALARIED,227905,2020-03-30
C000354,Anjali,More,1983-11-02,M,Pune,Maharashtra,SELF_EMPLOYED,138372,2021-09-11
C000355,Abeer,Golla,1970-06-17,F,Ahmedabad,Gujarat,SELF_EMPLOYED,236902,2023-07-12
C000356,Nandini,Boase,1970-05-14,F,Jaipur,Rajasthan,SELF_EMPLOYED,211263,2025-01-05
C000357,Azaan,Chand,1996-10-23,F,Pune,Maharashtra,SELF_EMPLOYED,101926,2020-07-16
C000358,Krisha,Saini,1991-08-01,F,Bengaluru,Karnataka,SALARIED,200046,2021-08-11
C000359,Nakul,Pingle,1981-12-01,M,Jaipur,Rajasthan,SALARIED,238044,2024-11-05
C000360,Ekta,Chad,1964-04-16,M,Pune,Maharashtra,SELF_EMPLOYED,45313,2020-01-13
C000361,Nakul,Bawa,1966-04-06,M,Hyderabad,Telangana,BUSINESS_OWNER,35723,2021-01-09
C000362,Saanvi,Samra,1993-10-05,F,Chennai,Tamil Nadu,BUSINESS_OWNER,52042,2023-11-16
C000363,Riya,Sachdeva,1979-04-20,F,Delhi,Delhi,BUSINESS_OWNER,216682,2020-07-17
C000364,Yauvani,Comar,1984-03-14,M,Delhi,Delhi,SELF_EMPLOYED,177393,2022-05-14
C000365,Indrajit,Mander,2001-01-27,F,Bengaluru,Karnataka,SALARIED,171497,2022-11-06
C000366,Darika,Bath,1975-09-20,M,Kolkata,West Bengal,SALARIED,192159,2022-01-27
C000367,Christopher,Amble,1974-08-15,M,Jaipur,Rajasthan,SALARIED,111780,2021-04-10
C000368,Siddharth,Devan,1978-02-05,F,Kolkata,West Bengal,SALARIED,219912,2021-03-04
C000369,Falak,Dar,1961-03-28,M,Bengaluru,Karnataka,SELF_EMPLOYED,241552,2022-12-10
C000370,Qushi,Gill,1969-07-02,M,Kolkata,West Bengal,BUSINESS_OWNER,192446,2021-12-11
C000371,Victor,Tella,1998-09-25,M,Bengaluru,Karnataka,SALARIED,91636,2025-10-19
C000372,Irya,Bora,1987-09-25,F,Bengaluru,Karnataka,SELF_EMPLOYED,21600,2026-01-15
C000373,Brijesh,Sarin,1961-12-26,M,Nashik,Maharashtra,BUSINESS_OWNER,192318,2022-08-15
C000374,Faras,Munshi,1999-11-22,M,Delhi,Delhi,SALARIED,214240,2022-05-12
C000375,Nidhi,Sahni,1980-05-30,M,Mumbai,Maharashtra,BUSINESS_OWNER,159062,2019-09-09
C000376,Nidhi,Bail,1982-10-24,F,Ahmedabad,Gujarat,SELF_EMPLOYED,138920,2020-03-03
C000377,Triveni,Pathak,1966-09-16,M,Hyderabad,Telangana,SELF_EMPLOYED,101693,2022-06-04
C000378,Hitesh,Kohli,1990-05-11,M,Hyderabad,Telangana,SALARIED,60784,2023-09-20
C000379,Nandini,Viswanathan,1966-01-23,M,Nashik,Maharashtra,BUSINESS_OWNER,41386,2022-01-28
C000380,Dayita,Nori,1975-10-16,F,Bengaluru,Karnataka,BUSINESS_OWNER,131152,2021-07-17
C000381,Om,Bose,1995-06-14,F,Jaipur,Rajasthan,SELF_EMPLOYED,91609,2024-02-05
C000382,Ishaan,Wali,1995-05-31,M,Ahmedabad,Gujarat,SELF_EMPLOYED,132699,2020-05-11
C000383,Ikshita,Panchal,2004-08-19,F,Pune,Maharashtra,BUSINESS_OWNER,197861,2025-08-23
C000384,Manbir,Keer,1967-09-16,F,Chennai,Tamil Nadu,BUSINESS_OWNER,194884,2019-12-15
C000385,Aahana,Hora,1972-07-08,M,Bengaluru,Karnataka,SALARIED,123615,2023-11-01
C000386,Michael,Borra,1972-10-06,M,Chennai,Tamil Nadu,SALARIED,73588,2025-04-14
C000387,Wakeeta,Shetty,1999-01-27,M,Bengaluru,Karnataka,SALARIED,220320,2025-03-04
C000388,Saumya,Naidu,2003-05-24,F,Bengaluru,Karnataka,SELF_EMPLOYED,51453,2021-05-26
C000389,Matthew,Sarraf,1965-05-11,F,Mumbai,Maharashtra,BUSINESS_OWNER,132893,2022-09-12
C000390,Riya,Mitter,1979-05-28,M,Nashik,Maharashtra,SELF_EMPLOYED,159613,2023-09-28
C000391,Daksh,Pandey,1995-03-27,F,Ahmedabad,Gujarat,SALARIED,124089,2019-05-05
C000392,Dayita,Shenoy,1991-06-19,F,Mumbai,Maharashtra,SALARIED,140521,2019-01-11
C000393,Dakshesh,Pillay,1980-03-31,F,Pune,Maharashtra,BUSINESS_OWNER,132534,2019-05-13
C000394,Gautam,Tripathi,1986-11-16,F,Chennai,Tamil Nadu,BUSINESS_OWNER,187809,2022-08-24
C000395,Benjamin,Sengupta,1999-08-12,F,Delhi,Delhi,SALARIED,126176,2024-04-03
C000396,Raghav,Nagy,2001-11-18,F,Mumbai,Maharashtra,SALARIED,230061,2022-10-03
C000397,Yachana,Dora,1964-12-02,F,Chennai,Tamil Nadu,BUSINESS_OWNER,114857,2022-07-17
C000398,Harshil,Oza,1966-06-14,F,Pune,Maharashtra,SALARIED,83783,2023-01-01
C000399,Orinder,Baral,1977-07-27,F,Delhi,Delhi,BUSINESS_OWNER,40616,2024-09-23
C000400,Raksha,Sarna,1996-05-16,F,Delhi,Delhi,BUSINESS_OWNER,109001,2023-02-27
C000401,Nathan,Patla,1986-01-31,F,Ahmedabad,Gujarat,SALARIED,40022,2026-07-08
C000402,Barkha,Ram,1988-07-12,M,Kolkata,West Bengal,BUSINESS_OWNER,153680,2025-04-19
C000403,Hamsini,Ben,2003-08-23,F,Ahmedabad,Gujarat,SELF_EMPLOYED,210678,2024-03-20
C000404,Gaurika,Bhatti,1983-02-23,M,Nashik,Maharashtra,SALARIED,58389,2019-07-07
C000405,Libni,Mander,1977-11-10,M,Bengaluru,Karnataka,SALARIED,177915,2024-11-12
C000406,Mason,Nath,1966-04-04,M,Nashik,Maharashtra,SALARIED,222597,2023-09-01
C000407,Lohit,Palla,1981-10-27,F,Jaipur,Rajasthan,BUSINESS_OWNER,219197,2024-04-16
C000408,Manya,Dayal,2001-03-15,F,Chennai,Tamil Nadu,BUSINESS_OWNER,167978,2024-09-27
C000409,Frado,Mukherjee,1998-09-30,F,Chennai,Tamil Nadu,BUSINESS_OWNER,102873,2021-11-30
C000410,Falguni,Datta,1996-07-13,F,Nashik,Maharashtra,SALARIED,142924,2019-07-04
C000411,Pallavi,Trivedi,1985-05-02,F,Jaipur,Rajasthan,SELF_EMPLOYED,175037,2018-11-12
C000412,Janani,More,1972-12-23,F,Mumbai,Maharashtra,BUSINESS_OWNER,39448,2020-07-13
C000413,Harita,Sunder,1973-10-11,F,Bengaluru,Karnataka,SELF_EMPLOYED,29858,2020-08-20
C000414,Laksh,Dubey,1965-12-17,F,Mumbai,Maharashtra,SELF_EMPLOYED,40114,2021-03-23
C000415,Harrison,Tripathi,1997-06-11,F,Pune,Maharashtra,SELF_EMPLOYED,172129,2025-10-24
C000416,Baljiwan,Nayar,2002-10-08,M,Kolkata,West Bengal,SELF_EMPLOYED,232288,2019-10-29
C000417,Krisha,Dube,1971-10-02,M,Chennai,Tamil Nadu,SELF_EMPLOYED,178598,2020-03-31
C000418,Noah,Sarma,1963-09-07,M,Jaipur,Rajasthan,SALARIED,138101,2022-03-16
C000419,Janya,Khanna,1990-12-09,F,Pune,Maharashtra,BUSINESS_OWNER,42106,2023-11-27
C000420,Bhavani,Sen,1976-08-20,M,Kolkata,West Bengal,SALARIED,84944,2023-04-03
C000421,William,More,1992-08-17,F,Jaipur,Rajasthan,BUSINESS_OWNER,157035,2026-05-26
C000422,Rishi,Pillai,1999-07-12,M,Chennai,Tamil Nadu,SELF_EMPLOYED,117740,2022-06-16
C000423,Triya,Manda,1986-09-12,F,Bengaluru,Karnataka,SELF_EMPLOYED,223021,2022-12-27
C000424,Omya,Edwin,1974-04-20,M,Hyderabad,Telangana,BUSINESS_OWNER,189687,2025-07-11
C000425,Lakshit,Krishna,1964-04-05,M,Hyderabad,Telangana,SELF_EMPLOYED,44774,2024-03-01
C000426,Vasana,Prabhu,1998-06-13,F,Kolkata,West Bengal,SELF_EMPLOYED,86059,2019-08-01
C000427,Zaitra,Dash,1980-02-10,M,Chennai,Tamil Nadu,SELF_EMPLOYED,41365,2019-06-04
C000428,Naveen,Mahajan,1991-04-15,M,Chennai,Tamil Nadu,SELF_EMPLOYED,101325,2026-05-30
C000429,Yochana,Din,1990-06-25,M,Delhi,Delhi,BUSINESS_OWNER,205816,2019-06-28
C000430,Tristan,Seshadri,1984-07-01,F,Pune,Maharashtra,BUSINESS_OWNER,118744,2026-08-16
C000431,Avi,Sachdeva,1964-05-02,M,Hyderabad,Telangana,BUSINESS_OWNER,204242,2022-01-30
C000432,Yadavi,Prakash,1976-10-03,M,Kolkata,West Bengal,BUSINESS_OWNER,195756,2021-12-29
C000433,Finn,Prasad,1975-12-28,F,Delhi,Delhi,SALARIED,115052,2018-12-13
C000434,Eiravati,Chaudhary,2004-12-09,M,Bengaluru,Karnataka,SALARIED,109583,2021-07-24
C000435,Madhav,Devan,1963-04-27,M,Jaipur,Rajasthan,SALARIED,56061,2021-02-24
C000436,Urmi,Dewan,1992-08-19,M,Nashik,Maharashtra,SELF_EMPLOYED,241361,2022-07-11
C000437,Abdul,Buch,1962-01-02,M,Pune,Maharashtra,BUSINESS_OWNER,108280,2020-11-20
C000438,Tanveer,Doctor,1998-01-21,M,Chennai,Tamil Nadu,BUSINESS_OWNER,118754,2024-11-23
C000439,Pallavi,Choudhry,1980-04-25,M,Nashik,Maharashtra,SALARIED,237932,2020-09-24
C000440,Charvi,Dara,1963-12-17,M,Chennai,Tamil Nadu,BUSINESS_OWNER,134733,2020-09-26
C000441,Oni,Shankar,1964-12-26,F,Mumbai,Maharashtra,SELF_EMPLOYED,197304,2019-08-27
C000442,Xalak,Wason,1961-10-30,F,Ahmedabad,Gujarat,BUSINESS_OWNER,94692,2024-02-01
C000443,Yutika,Khurana,1970-06-25,M,Jaipur,Rajasthan,BUSINESS_OWNER,82696,2021-03-09
C000444,Pushti,Agarwal,2002-07-20,F,Bengaluru,Karnataka,SALARIED,116427,2021-09-17
C000445,Wridesh,Saha,1973-06-16,F,Chennai,Tamil Nadu,SELF_EMPLOYED,221703,2024-05-12
C000446,Frederick,Viswanathan,1985-04-01,F,Bengaluru,Karnataka,BUSINESS_OWNER,158270,2019-04-15
C000447,Yashica,Tripathi,1998-06-03,M,Delhi,Delhi,SALARIED,230045,2018-11-19
C000448,Madhavi,Singhal,1963-09-04,M,Chennai,Tamil Nadu,SELF_EMPLOYED,33678,2024-02-12
C000449,Lila,Prakash,1977-12-21,F,Jaipur,Rajasthan,BUSINESS_OWNER,46893,2025-01-24
C000450,Amol,Parikh,1965-04-23,M,Kolkata,West Bengal,SELF_EMPLOYED,41987,2021-08-23
C000451,Wridesh,Chawla,2000-04-23,F,Nashik,Maharashtra,SELF_EMPLOYED,154572,2024-12-18
C000452,Gaurangi,Deol,1963-09-23,F,Nashik,Maharashtra,SALARIED,78205,2021-09-15
C000453,Hamsini,Gill,1992-04-30,F,Jaipur,Rajasthan,SALARIED,128762,2024-08-16
C000454,Varenya,Gopal,1969-11-20,F,Mumbai,Maharashtra,BUSINESS_OWNER,118031,2019-04-01
C000455,Tanvi,Bansal,1980-09-05,F,Ahmedabad,Gujarat,SALARIED,118281,2020-06-04
C000456,Caleb,Iyengar,1963-07-25,M,Ahmedabad,Gujarat,SELF_EMPLOYED,45974,2021-05-24
C000457,Dayita,Varma,1987-10-23,M,Hyderabad,Telangana,SALARIED,30040,2025-08-24
C000458,Urvashi,Kulkarni,1963-03-16,F,Bengaluru,Karnataka,BUSINESS_OWNER,237870,2025-02-12
C000459,Rayaan,Mangal,1985-01-01,F,Nashik,Maharashtra,SELF_EMPLOYED,181309,2026-01-16
C000460,Champak,Narula,1979-04-21,M,Mumbai,Maharashtra,SALARIED,87088,2019-10-08
C000461,Jhalak,Sarkar,1987-12-07,M,Ahmedabad,Gujarat,BUSINESS_OWNER,210640,2025-01-12
C000462,Ria,Raju,1983-10-13,F,Chennai,Tamil Nadu,SALARIED,223468,2020-04-19
C000463,Watika,Tank,1985-09-16,M,Bengaluru,Karnataka,SELF_EMPLOYED,51941,2026-07-28
C000464,Zilmil,Loke,1966-05-02,M,Mumbai,Maharashtra,SELF_EMPLOYED,187497,2024-11-22
C000465,Panini,Brar,1990-01-05,F,Chennai,Tamil Nadu,SALARIED,49060,2023-11-01
C000466,Pranit,Memon,1982-07-27,M,Jaipur,Rajasthan,BUSINESS_OWNER,155102,2019-08-01
C000467,Fariq,Narang,2005-09-08,M,Chennai,Tamil Nadu,BUSINESS_OWNER,57637,2021-03-23
C000468,Damini,Sehgal,2001-09-20,F,Bengaluru,Karnataka,SALARIED,181168,2024-10-24
C000469,Pooja,Ganesan,1990-12-02,M,Hyderabad,Telangana,BUSINESS_OWNER,129200,2021-09-13
C000470,Sanya,Basak,1984-09-13,M,Nashik,Maharashtra,BUSINESS_OWNER,114530,2023-12-10
C000471,Radhika,Maharaj,2004-03-24,M,Pune,Maharashtra,SELF_EMPLOYED,248938,2025-06-11
C000472,Dakshesh,Borde,2004-02-04,M,Jaipur,Rajasthan,BUSINESS_OWNER,121418,2022-03-02
C000473,Januja,Varghese,1971-08-07,F,Hyderabad,Telangana,BUSINESS_OWNER,24257,2018-12-22
C000474,Luke,Sarma,1963-01-29,M,Hyderabad,Telangana,SELF_EMPLOYED,83209,2019-10-14
C000475,Ekalinga,Keer,2004-08-12,F,Pune,Maharashtra,SALARIED,31622,2021-10-29
C000476,Janaki,Rajagopal,1999-04-24,F,Hyderabad,Telangana,BUSINESS_OWNER,65898,2018-12-26
C000477,Mitesh,Sengupta,1985-12-15,F,Jaipur,Rajasthan,BUSINESS_OWNER,67783,2021-11-15
C000478,Sachi,Bose,1999-10-07,M,Nashik,Maharashtra,BUSINESS_OWNER,223473,2019-11-18
C000479,Jeevika,Rao,1982-02-08,M,Jaipur,Rajasthan,SELF_EMPLOYED,72845,2024-03-27
C000480,Arya,Krish,1968-06-06,M,Mumbai,Maharashtra,SALARIED,102731,2018-12-06
C000481,Quincy,Tata,1995-12-11,F,Bengaluru,Karnataka,BUSINESS_OWNER,144098,2022-01-01
C000482,Jacob,Lala,1978-06-04,M,Bengaluru,Karnataka,BUSINESS_OWNER,70096,2024-09-12
C000483,Sanaya,Kala,2002-05-08,F,Bengaluru,Karnataka,SALARIED,246963,2021-02-20
C000484,Vritti,Iyengar,1969-01-21,F,Hyderabad,Telangana,SALARIED,229542,2019-11-12
C000485,Ethan,Seth,1972-06-17,F,Hyderabad,Telangana,SELF_EMPLOYED,214853,2026-05-10
C000486,Sai,Chahal,1982-06-17,F,Jaipur,Rajasthan,SELF_EMPLOYED,68973,2024-05-22
C000487,Idika,Bhattacharyya,1998-02-20,F,Jaipur,Rajasthan,SELF_EMPLOYED,229005,2023-04-28
C000488,Bina,Mital,1971-06-06,F,Kolkata,West Bengal,SALARIED,210600,2024-10-06
C000489,Owen,Pathak,1995-05-02,M,Delhi,Delhi,SELF_EMPLOYED,177929,2020-08-13
C000490,Jairaj,Iyer,1970-02-28,F,Nashik,Maharashtra,SELF_EMPLOYED,46895,2020-09-21
C000491,Wakeeta,Bal,1985-04-09,F,Pune,Maharashtra,BUSINESS_OWNER,97500,2023-06-04
C000492,Jyoti,Sibal,1998-04-02,F,Bengaluru,Karnataka,BUSINESS_OWNER,208131,2019-10-25
C000493,Gabriel,Bhatti,1981-10-04,M,Delhi,Delhi,BUSINESS_OWNER,136367,2022-02-05
C000494,Varenya,Vora,1988-08-31,F,Hyderabad,Telangana,SALARIED,210530,2025-04-02
C000495,Nimrat,Borah,1969-03-29,F,Hyderabad,Telangana,SELF_EMPLOYED,187633,2021-05-28
C000496,Ethan,Sengupta,1992-05-30,M,Mumbai,Maharashtra,BUSINESS_OWNER,187120,2024-06-30
C000497,Zansi,Padmanabhan,1969-06-11,F,Delhi,Delhi,BUSINESS_OWNER,230002,2026-03-06
C000498,Qabil,Dayal,1990-02-24,M,Nashik,Maharashtra,SALARIED,242473,2022-12-27
C000499,Christopher,Dash,1995-12-20,F,Chennai,Tamil Nadu,SALARIED,53090,2020-01-05
C000500,Daksha,Gala,1971-09-25,M,Pune,Maharashtra,BUSINESS_OWNER,116030,2021-06-15
C000501,Umang,Pal,1996-01-09,F,Hyderabad,Telangana,BUSINESS_OWNER,28489,2026-04-28
C000502,Bhanumati,Brar,1977-10-06,M,Chennai,Tamil Nadu,BUSINESS_OWNER,137944,2020-05-18
C000503,Anvi,Dass,2003-03-31,F,Hyderabad,Telangana,SELF_EMPLOYED,220038,2021-04-14
C000504,Girik,Thakkar,2004-04-30,M,Pune,Maharashtra,BUSINESS_OWNER,116193,2020-02-22
C000505,Mitesh,Garg,2005-07-15,F,Delhi,Delhi,BUSINESS_OWNER,93056,2024-01-09
C000506,Geetika,Barman,1962-08-23,M,Ahmedabad,Gujarat,SALARIED,212852,2019-05-27
C000507,Chakradev,Lanka,2005-01-07,F,Nashik,Maharashtra,BUSINESS_OWNER,121446,2020-07-02
C000508,Omaja,Balasubramanian,1994-08-08,M,Kolkata,West Bengal,SELF_EMPLOYED,223152,2026-04-10
C000509,Bimala,Mittal,1993-07-29,F,Bengaluru,Karnataka,SALARIED,180399,2020-10-16
C000510,Nidra,Mishra,1991-07-29,F,Bengaluru,Karnataka,SALARIED,52148,2019-05-01
C000511,Darpan,Dugar,1990-08-17,M,Nashik,Maharashtra,SELF_EMPLOYED,65260,2022-03-31
C000512,Veda,Shetty,1974-08-06,M,Jaipur,Rajasthan,BUSINESS_OWNER,241648,2021-08-08
C000513,Maanas,Munshi,1982-06-10,F,Hyderabad,Telangana,BUSINESS_OWNER,37023,2024-12-15
C000514,Hemani,Rastogi,1969-08-11,F,Kolkata,West Bengal,SELF_EMPLOYED,243179,2025-03-07
C000515,Kamala,Varma,1998-12-06,M,Nashik,Maharashtra,SELF_EMPLOYED,153367,2019-08-12
C000516,Eiravati,Khurana,1992-06-15,M,Ahmedabad,Gujarat,SALARIED,227635,2019-10-02
C000517,Amara,Sengupta,1977-08-01,M,Nashik,Maharashtra,SELF_EMPLOYED,26890,2019-11-28
C000518,Gunbir,Bedi,1980-06-17,F,Hyderabad,Telangana,SELF_EMPLOYED,230675,2021-12-23
C000519,Omya,Kothari,1971-07-31,M,Kolkata,West Bengal,BUSINESS_OWNER,42600,2025-08-18
C000520,Falak,Munshi,1973-08-18,F,Pune,Maharashtra,SELF_EMPLOYED,207939,2025-03-14
C000521,Nathaniel,Tara,1995-09-27,F,Jaipur,Rajasthan,SELF_EMPLOYED,235833,2022-09-06
C000522,Wishi,Morar,1994-07-23,M,Chennai,Tamil Nadu,SALARIED,103106,2018-11-28
C000523,Gautam,Ramaswamy,1995-02-08,F,Pune,Maharashtra,SELF_EMPLOYED,198286,2022-08-07
C000524,Wridesh,Kale,2000-05-29,F,Kolkata,West Bengal,SALARIED,237331,2021-09-17
C000525,Chanakya,Bedi,1979-11-10,M,Kolkata,West Bengal,SALARIED,133408,2022-12-02
C000526,Upma,Mangal,1997-03-26,M,Kolkata,West Bengal,SALARIED,155817,2018-10-12
C000527,Hritik,Sankar,1969-10-28,F,Nashik,Maharashtra,SALARIED,62458,2026-03-20
C000528,Aishani,Pau,1988-02-25,M,Hyderabad,Telangana,SELF_EMPLOYED,156025,2021-10-27
C000529,Chakradev,Rattan,1964-03-11,M,Bengaluru,Karnataka,SELF_EMPLOYED,71459,2023-07-24
C000530,Robert,Patil,1998-05-11,F,Kolkata,West Bengal,SALARIED,183845,2021-03-01
C000531,Ethan,Raju,1995-01-10,M,Bengaluru,Karnataka,BUSINESS_OWNER,188031,2022-07-17
C000532,Ati,Dani,1969-06-19,M,Nashik,Maharashtra,SALARIED,192682,2019-07-14
C000533,Meera,Prakash,1983-10-15,F,Chennai,Tamil Nadu,BUSINESS_OWNER,30798,2023-06-16
C000534,Jasmit,Dhawan,1974-04-04,M,Mumbai,Maharashtra,SALARIED,188153,2023-11-01
C000535,Yashodhara,Ratti,1994-09-28,F,Chennai,Tamil Nadu,BUSINESS_OWNER,75262,2019-01-20
C000536,Chakradev,Barad,1970-01-14,F,Chennai,Tamil Nadu,BUSINESS_OWNER,187507,2024-10-12
C000537,Gauri,Som,1996-01-20,F,Mumbai,Maharashtra,BUSINESS_OWNER,163019,2022-08-06
C000538,Manthan,Varma,1970-03-23,F,Bengaluru,Karnataka,SELF_EMPLOYED,84193,2021-07-01
C000539,Eiravati,Gaba,1987-06-14,F,Delhi,Delhi,SELF_EMPLOYED,39129,2023-12-15
C000540,Chandani,Nayar,1995-03-27,M,Mumbai,Maharashtra,SELF_EMPLOYED,128952,2025-10-03
C000541,Yashodhara,Walia,1994-01-17,F,Jaipur,Rajasthan,SALARIED,109179,2024-09-26
C000542,Chandani,Soman,1961-11-04,M,Chennai,Tamil Nadu,SELF_EMPLOYED,245833,2021-11-04
C000543,Garima,Choudhary,1989-01-21,F,Hyderabad,Telangana,SELF_EMPLOYED,54279,2023-09-04
C000544,Darika,Bala,2001-05-01,M,Hyderabad,Telangana,SELF_EMPLOYED,83370,2022-09-30
C000545,Alka,Kari,1964-03-16,M,Jaipur,Rajasthan,SELF_EMPLOYED,137858,2023-09-03
C000546,Varsha,Garde,1996-05-20,M,Ahmedabad,Gujarat,SALARIED,33265,2024-01-23
C000547,Lajita,Divan,1977-03-11,F,Bengaluru,Karnataka,BUSINESS_OWNER,129611,2018-12-24
C000548,Imaran,Halder,1961-12-31,M,Ahmedabad,Gujarat,SELF_EMPLOYED,171437,2022-06-18
C000549,Dipta,Sahota,1971-01-06,M,Hyderabad,Telangana,SALARIED,150617,2022-03-23
C000550,Samar,Roy,1994-11-10,F,Kolkata,West Bengal,SELF_EMPLOYED,100882,2025-04-20
C000551,Urishilla,Bhatia,1970-02-09,M,Jaipur,Rajasthan,SALARIED,123086,2023-02-14
C000552,Sarthak,Nair,1993-04-06,F,Kolkata,West Bengal,SALARIED,76398,2023-03-07
C000553,Krisha,Murthy,1972-06-30,F,Chennai,Tamil Nadu,SALARIED,33248,2022-08-15
C000554,Hema,Pandya,2004-06-27,F,Bengaluru,Karnataka,BUSINESS_OWNER,240947,2025-07-18
C000555,Aishani,Sule,1973-10-17,F,Jaipur,Rajasthan,BUSINESS_OWNER,22143,2020-10-21
C000556,Arya,Misra,1976-01-06,F,Pune,Maharashtra,SALARIED,89329,2021-03-29
C000557,Bhavya,Johal,1993-12-27,F,Hyderabad,Telangana,SELF_EMPLOYED,31860,2021-05-29
C000558,Varsha,Palla,1998-11-07,M,Delhi,Delhi,BUSINESS_OWNER,167276,2025-06-23
C000559,Anusha,Mani,1969-01-02,F,Ahmedabad,Gujarat,BUSINESS_OWNER,95655,2023-08-03
C000560,Ladli,Rana,1984-03-13,F,Pune,Maharashtra,BUSINESS_OWNER,138057,2025-04-14
C000561,Madhav,Mannan,1963-07-29,F,Kolkata,West Bengal,BUSINESS_OWNER,198362,2021-02-26
C000562,Farhan,Pal,1990-10-25,M,Chennai,Tamil Nadu,SALARIED,45344,2024-04-16
C000563,Aahana,Srinivas,1975-04-10,F,Delhi,Delhi,SELF_EMPLOYED,166232,2020-06-05
C000564,Anika,Magar,1970-01-19,M,Hyderabad,Telangana,SALARIED,177932,2019-08-22
C000565,Wriddhish,Kibe,1964-03-01,F,Kolkata,West Bengal,BUSINESS_OWNER,30552,2024-05-29
C000566,Upkaar,Kaul,1964-04-13,M,Mumbai,Maharashtra,SALARIED,207063,2019-07-25
C000567,Odika,Narayanan,1992-11-09,F,Hyderabad,Telangana,BUSINESS_OWNER,139796,2019-07-26
C000568,Laksh,Ahluwalia,1998-03-01,M,Nashik,Maharashtra,SELF_EMPLOYED,180712,2026-08-12
C000569,Nakul,Ray,2005-02-20,M,Hyderabad,Telangana,SELF_EMPLOYED,181611,2026-03-15
C000570,Vamakshi,Sood,2004-12-24,F,Bengaluru,Karnataka,BUSINESS_OWNER,237131,2020-05-28
C000571,Bhavna,Nagi,1980-02-19,F,Kolkata,West Bengal,BUSINESS_OWNER,167567,2024-03-15
C000572,Daniel,Chakraborty,2005-02-05,F,Bengaluru,Karnataka,SALARIED,116562,2023-08-05
C000573,Vincent,Warrior,1963-04-02,M,Hyderabad,Telangana,SELF_EMPLOYED,173014,2026-06-24
C000574,Parth,Sahni,1972-09-03,M,Bengaluru,Karnataka,BUSINESS_OWNER,144410,2026-07-14
C000575,Balhaar,Ranganathan,1994-06-03,M,Bengaluru,Karnataka,BUSINESS_OWNER,33462,2020-04-17
C000576,Bimala,Barad,1961-05-05,F,Chennai,Tamil Nadu,SALARIED,157424,2021-04-01
C000577,Hredhaan,Nayak,1980-01-28,F,Chennai,Tamil Nadu,SALARIED,235393,2022-07-29
C000578,Wakeeta,Desai,1995-01-09,M,Ahmedabad,Gujarat,BUSINESS_OWNER,203637,2022-09-10
C000579,Anjali,Hans,1968-05-17,M,Pune,Maharashtra,SALARIED,135615,2021-07-10
C000580,Nicholas,Shanker,2004-10-29,F,Hyderabad,Telangana,SALARIED,128255,2020-11-24
C000581,Quincy,Atwal,1983-08-26,F,Ahmedabad,Gujarat,BUSINESS_OWNER,223154,2025-06-08
C000582,Chakrika,Hans,1972-08-26,F,Chennai,Tamil Nadu,BUSINESS_OWNER,210684,2023-11-28
C000583,Nidra,Sane,1995-10-11,M,Mumbai,Maharashtra,BUSINESS_OWNER,74353,2021-07-01
C000584,Gabriel,Rattan,1967-03-15,F,Kolkata,West Bengal,BUSINESS_OWNER,145402,2020-04-13
C000585,Logan,Sood,1982-09-25,F,Kolkata,West Bengal,SELF_EMPLOYED,65398,2020-10-26
C000586,Abeer,Lal,1986-10-24,F,Jaipur,Rajasthan,BUSINESS_OWNER,112874,2020-09-17
C000587,Sanya,Loke,1983-02-21,F,Bengaluru,Karnataka,SALARIED,84623,2021-04-12
C000588,Advay,Lal,2005-03-12,F,Bengaluru,Karnataka,SALARIED,98017,2021-10-08
C000589,Warinder,Bhatia,1968-10-03,M,Bengaluru,Karnataka,BUSINESS_OWNER,204808,2022-09-01
C000590,Damyanti,Dutta,1988-04-19,F,Jaipur,Rajasthan,SELF_EMPLOYED,111436,2024-07-18
C000591,Yadavi,Mukhopadhyay,1968-09-13,F,Kolkata,West Bengal,SELF_EMPLOYED,51948,2024-02-22
C000592,Chakrika,Pillai,2002-07-15,F,Chennai,Tamil Nadu,SELF_EMPLOYED,234532,2020-08-03
C000593,Theodore,Deol,1993-04-02,M,Hyderabad,Telangana,SELF_EMPLOYED,31027,2020-01-05
C000594,Suhani,Prakash,1989-01-03,M,Bengaluru,Karnataka,SELF_EMPLOYED,135966,2024-09-05
C000595,Urishilla,Yogi,1975-07-29,F,Bengaluru,Karnataka,SALARIED,72970,2025-03-11
C000596,Yug,Bumb,1996-06-21,F,Kolkata,West Bengal,BUSINESS_OWNER,202497,2022-07-05
C000597,Janaki,Brahmbhatt,1999-02-07,M,Bengaluru,Karnataka,SALARIED,181396,2019-08-31
C000598,David,Tiwari,1974-06-20,M,Chennai,Tamil Nadu,SALARIED,33307,2023-08-01
C000599,Mason,Gala,1983-01-15,M,Kolkata,West Bengal,BUSINESS_OWNER,81036,2025-12-23
C000600,Zinal,Sathe,1968-08-15,M,Mumbai,Maharashtra,SELF_EMPLOYED,106584,2024-06-30
C000601,Samesh,Suresh,1966-11-25,M,Jaipur,Rajasthan,BUSINESS_OWNER,222051,2026-05-10
C000602,Yashvi,Sehgal,1964-06-30,M,Nashik,Maharashtra,BUSINESS_OWNER,61403,2022-07-26
C000603,Kevin,Varghese,1988-12-24,F,Delhi,Delhi,SELF_EMPLOYED,190534,2022-08-06
C000604,Dalbir,Shere,1981-09-06,F,Ahmedabad,Gujarat,SELF_EMPLOYED,94819,2024-11-11
C000605,Anthony,Randhawa,1978-01-10,M,Mumbai,Maharashtra,BUSINESS_OWNER,170505,2025-08-27
C000606,Aarush,Kamdar,2000-01-25,M,Ahmedabad,Gujarat,SALARIED,129546,2019-05-01
C000607,Chakradev,Sampath,1984-02-27,M,Nashik,Maharashtra,SELF_EMPLOYED,226559,2024-09-01
C000608,Devansh,Bhasin,1965-05-29,M,Jaipur,Rajasthan,BUSINESS_OWNER,248665,2022-09-22
C000609,Azad,Mangat,1988-07-14,M,Bengaluru,Karnataka,SALARIED,98221,2020-03-29
C000610,Krishna,Salvi,1986-03-12,M,Chennai,Tamil Nadu,SELF_EMPLOYED,94596,2026-04-17
C000611,Lavanya,Sen,1986-05-26,F,Jaipur,Rajasthan,SALARIED,243100,2021-11-27
C000612,Faris,Zacharia,1969-10-05,F,Kolkata,West Bengal,SELF_EMPLOYED,70544,2024-04-08
C000613,Ijaya,Dani,1972-11-08,F,Pune,Maharashtra,SALARIED,211658,2023-04-13
C000614,Maya,Wadhwa,1969-05-18,F,Jaipur,Rajasthan,BUSINESS_OWNER,68810,2024-11-25
C000615,Udant,Aggarwal,1962-04-05,F,Mumbai,Maharashtra,SELF_EMPLOYED,168840,2021-03-31
C000616,Ubika,Samra,1996-11-28,M,Ahmedabad,Gujarat,BUSINESS_OWNER,244433,2021-12-08
C000617,Victor,Kota,1992-01-21,F,Delhi,Delhi,BUSINESS_OWNER,105964,2021-08-27
C000618,Mohammed,Majumdar,1973-07-15,F,Pune,Maharashtra,BUSINESS_OWNER,45004,2026-02-26
C000619,Isaiah,Balay,2005-08-21,M,Nashik,Maharashtra,SELF_EMPLOYED,104830,2022-04-11
C000620,Amol,Khosla,1974-09-26,M,Ahmedabad,Gujarat,SELF_EMPLOYED,120551,2019-04-14
C000621,Harrison,Bandi,1991-02-03,F,Ahmedabad,Gujarat,SELF_EMPLOYED,106409,2023-10-18
C000622,Chanakya,Konda,1963-09-21,M,Bengaluru,Karnataka,SELF_EMPLOYED,191359,2022-02-17
C000623,Reva,Kaur,1997-06-10,M,Hyderabad,Telangana,SALARIED,195056,2020-07-23
C000624,Daksh,Dey,1995-01-01,F,Pune,Maharashtra,SELF_EMPLOYED,61868,2021-03-03
C000625,Vivaan,Nagar,2000-01-04,F,Delhi,Delhi,BUSINESS_OWNER,50779,2023-10-18
C000626,Ekani,Khalsa,1981-03-31,F,Bengaluru,Karnataka,BUSINESS_OWNER,77894,2026-03-01
C000627,Luke,Verma,1975-10-03,M,Ahmedabad,Gujarat,SELF_EMPLOYED,60156,2022-03-24
C000628,Charita,Maharaj,1964-11-10,F,Jaipur,Rajasthan,SELF_EMPLOYED,204009,2023-06-12
C000629,Parth,Sane,1998-07-15,F,Kolkata,West Bengal,BUSINESS_OWNER,230238,2022-12-04
C000630,Champak,Padmanabhan,2004-06-27,M,Ahmedabad,Gujarat,BUSINESS_OWNER,217850,2024-06-02
C000631,Lakshmi,Vohra,1982-05-27,M,Chennai,Tamil Nadu,BUSINESS_OWNER,137112,2024-08-19
C000632,Omaja,Rege,1970-11-12,F,Kolkata,West Bengal,SALARIED,167893,2021-04-05
C000633,Krisha,Gour,1997-04-26,M,Pune,Maharashtra,BUSINESS_OWNER,152510,2022-09-27
C000634,Wridesh,Kar,1981-03-05,M,Ahmedabad,Gujarat,SALARIED,106014,2026-01-02
C000635,Maanas,Sheth,1964-08-19,F,Kolkata,West Bengal,SALARIED,198335,2023-06-30
C000636,Nitara,Saha,1998-08-20,F,Ahmedabad,Gujarat,SALARIED,153791,2023-03-21
C000637,Krish,Rama,1977-03-28,M,Jaipur,Rajasthan,SELF_EMPLOYED,54588,2020-11-17
C000638,Samar,Narayanan,2004-09-19,F,Kolkata,West Bengal,SELF_EMPLOYED,167825,2019-05-20
C000639,Shivani,Prabhakar,1967-01-02,F,Mumbai,Maharashtra,BUSINESS_OWNER,231528,2023-04-08
C000640,Rayaan,Behl,1978-12-24,M,Bengaluru,Karnataka,SELF_EMPLOYED,86704,2021-12-01
C000641,Balveer,Bora,1973-07-07,M,Mumbai,Maharashtra,BUSINESS_OWNER,39144,2025-07-21
C000642,Teerth,Srinivas,1974-12-04,F,Mumbai,Maharashtra,SELF_EMPLOYED,203601,2026-02-08
C000643,Gaurangi,Mitter,1961-10-03,M,Pune,Maharashtra,SALARIED,143750,2020-07-06
C000644,Ranveer,Dalal,1993-04-20,F,Mumbai,Maharashtra,SELF_EMPLOYED,67181,2026-06-28
C000645,Xavier,Jayaraman,1987-09-14,F,Nashik,Maharashtra,SELF_EMPLOYED,120264,2026-06-30
C000646,Wriddhish,Nagy,1979-12-22,F,Jaipur,Rajasthan,SELF_EMPLOYED,41037,2021-12-12
C000647,Unnati,Walla,2004-11-09,M,Kolkata,West Bengal,BUSINESS_OWNER,245518,2021-10-07
C000648,Darika,Lal,1985-03-09,M,Hyderabad,Telangana,SALARIED,160839,2023-01-27
C000649,Widisha,Shukla,1967-06-03,M,Delhi,Delhi,BUSINESS_OWNER,78376,2025-07-16
C000650,Upasna,Nagarajan,1974-07-14,M,Mumbai,Maharashtra,SELF_EMPLOYED,141373,2021-11-11
C000651,Dhriti,Sachdev,1963-10-28,F,Kolkata,West Bengal,BUSINESS_OWNER,119425,2023-06-30
C000652,Timothy,Dhingra,1961-10-25,M,Ahmedabad,Gujarat,SELF_EMPLOYED,110743,2020-12-05
C000653,Omisha,Merchant,1971-01-31,F,Nashik,Maharashtra,SALARIED,249430,2020-05-18
C000654,Forum,Karpe,1986-07-23,M,Pune,Maharashtra,BUSINESS_OWNER,129901,2023-07-23
C000655,Yatan,Tata,1998-03-08,M,Chennai,Tamil Nadu,SALARIED,74023,2024-04-11
C000656,Geetika,Kurian,1993-12-17,M,Pune,Maharashtra,BUSINESS_OWNER,28801,2024-11-12
C000657,Vritti,Sharma,1972-02-28,M,Jaipur,Rajasthan,SALARIED,214128,2024-12-10
C000658,Indira,Gara,1970-03-27,F,Mumbai,Maharashtra,SELF_EMPLOYED,81430,2024-11-01
C000659,Vrinda,Gour,1997-08-08,M,Kolkata,West Bengal,SALARIED,56735,2024-03-03
C000660,Daniel,Viswanathan,1963-01-05,F,Kolkata,West Bengal,SALARIED,233853,2025-11-05
C000661,Falan,Bava,1961-02-22,F,Chennai,Tamil Nadu,BUSINESS_OWNER,176740,2022-03-21
C000662,Laksh,Kashyap,1965-05-03,M,Hyderabad,Telangana,SELF_EMPLOYED,249705,2024-09-22
C000663,Matthew,Andra,1975-08-06,M,Nashik,Maharashtra,SELF_EMPLOYED,98774,2023-01-05
C000664,Tamanna,Prakash,1964-10-28,M,Bengaluru,Karnataka,BUSINESS_OWNER,175101,2023-12-19
C000665,Vasudha,Sura,1961-10-13,F,Nashik,Maharashtra,BUSINESS_OWNER,149924,2018-10-07
C000666,Nisha,Arora,1961-11-06,F,Mumbai,Maharashtra,BUSINESS_OWNER,195988,2023-03-19
C000667,Anvi,Wason,1980-03-21,F,Delhi,Delhi,BUSINESS_OWNER,129137,2018-11-09
C000668,Yadavi,Sani,1972-11-28,M,Delhi,Delhi,SELF_EMPLOYED,118686,2019-08-15
C000669,Gopal,Viswanathan,1970-11-04,F,Nashik,Maharashtra,SALARIED,242649,2020-10-04
C000670,Rehaan,Vyas,1977-11-20,F,Ahmedabad,Gujarat,BUSINESS_OWNER,57840,2025-08-23
C000671,Irya,Loke,1987-09-20,M,Jaipur,Rajasthan,BUSINESS_OWNER,128180,2019-05-20
C000672,Kashvi,Ravi,1991-12-12,M,Delhi,Delhi,SELF_EMPLOYED,83663,2023-07-08
C000673,Yagnesh,Kara,1981-02-14,M,Bengaluru,Karnataka,SELF_EMPLOYED,189530,2024-07-12
C000674,Faris,Balay,1967-01-27,F,Pune,Maharashtra,SELF_EMPLOYED,44238,2022-02-27
C000675,Ladli,Purohit,1998-04-28,M,Kolkata,West Bengal,SALARIED,90375,2022-10-04
C000676,Daksh,Andra,1972-05-16,M,Delhi,Delhi,SALARIED,69325,2019-05-31
C000677,Xalak,Saraf,2004-08-06,M,Chennai,Tamil Nadu,SELF_EMPLOYED,74759,2025-05-19
C000678,Garima,Chandran,1996-08-26,F,Hyderabad,Telangana,SALARIED,75524,2026-07-12
C000679,Brijesh,Karpe,1975-02-05,M,Ahmedabad,Gujarat,BUSINESS_OWNER,217743,2026-05-18
C000680,Vaishnavi,Madan,1963-11-18,M,Jaipur,Rajasthan,BUSINESS_OWNER,178440,2026-07-28
C000681,Falan,Mand,1997-08-31,F,Ahmedabad,Gujarat,SALARIED,164724,2023-07-03
C000682,Bachittar,Gola,1982-02-10,F,Hyderabad,Telangana,SELF_EMPLOYED,142224,2018-11-04
C000683,Sarthak,Dhawan,1987-10-25,F,Kolkata,West Bengal,SELF_EMPLOYED,88566,2026-08-11
C000684,Faraj,Mistry,1971-10-07,F,Hyderabad,Telangana,SELF_EMPLOYED,45849,2023-07-05
C000685,Wridesh,Ramachandran,1997-06-30,F,Jaipur,Rajasthan,SALARIED,117178,2021-07-13
C000686,Leena,Dey,1966-01-18,F,Hyderabad,Telangana,SALARIED,167462,2022-12-20
C000687,Hiral,Bera,1967-05-11,M,Ahmedabad,Gujarat,SALARIED,88360,2022-06-05
C000688,Vincent,Borra,1983-11-21,F,Kolkata,West Bengal,SELF_EMPLOYED,59953,2023-11-10
C000689,Mekhala,Narain,1962-09-23,F,Ahmedabad,Gujarat,SALARIED,119572,2024-02-08
C000690,Anjali,Seshadri,1994-02-05,M,Chennai,Tamil Nadu,SELF_EMPLOYED,164347,2020-08-25
C000691,Ishani,Prashad,1990-02-05,F,Hyderabad,Telangana,SELF_EMPLOYED,209676,2020-04-16
C000692,Lajita,Chada,2002-10-22,F,Jaipur,Rajasthan,SALARIED,212091,2021-03-22
C000693,Yatin,Borah,1966-04-18,M,Hyderabad,Telangana,SALARIED,208825,2020-12-27
C000694,Mitesh,Rai,2003-11-06,F,Kolkata,West Bengal,SALARIED,162117,2020-01-09
C000695,Lopa,Nadig,1985-04-04,M,Mumbai,Maharashtra,SALARIED,234432,2019-08-14
C000696,Gavin,Ahluwalia,1981-09-09,M,Mumbai,Maharashtra,SELF_EMPLOYED,56042,2022-06-29
C000697,Jagvi,Madan,1967-09-01,M,Ahmedabad,Gujarat,BUSINESS_OWNER,59591,2019-11-02
C000698,Gagan,Grover,1990-01-15,M,Mumbai,Maharashtra,BUSINESS_OWNER,139540,2022-07-12
C000699,Yauvani,Reddy,1967-09-28,M,Hyderabad,Telangana,BUSINESS_OWNER,187176,2018-12-07
C000700,Gaurav,Pandya,1998-06-05,F,Chennai,Tamil Nadu,BUSINESS_OWNER,147888,2019-07-03
C000701,Ekta,Rajan,1961-07-20,M,Mumbai,Maharashtra,BUSINESS_OWNER,164610,2021-03-11
C000702,Odika,Rama,1966-06-23,M,Delhi,Delhi,SALARIED,158783,2024-11-16
C000703,Xavier,Verma,1972-04-02,F,Bengaluru,Karnataka,SALARIED,151652,2024-07-16
C000704,Lajita,Gara,1970-02-27,M,Delhi,Delhi,SALARIED,45248,2020-12-30
C000705,Charvi,Loyal,1994-04-08,M,Kolkata,West Bengal,SALARIED,70313,2019-12-14
C000706,Dev,Ganesh,1990-04-16,F,Chennai,Tamil Nadu,SELF_EMPLOYED,90077,2021-01-21
C000707,Oviya,Mistry,1993-08-30,M,Delhi,Delhi,SELF_EMPLOYED,126437,2025-05-14
C000708,Faraj,Patel,1977-11-03,M,Jaipur,Rajasthan,BUSINESS_OWNER,79207,2020-10-22
C000709,Warhi,Hayre,1991-11-14,M,Bengaluru,Karnataka,BUSINESS_OWNER,244977,2019-08-15
C000710,Krishna,Modi,1961-03-04,M,Mumbai,Maharashtra,SELF_EMPLOYED,119421,2022-01-28
C000711,Gaurangi,Rai,1983-02-19,F,Delhi,Delhi,SALARIED,186919,2022-06-15
C000712,Gaurika,Sani,2005-01-05,M,Mumbai,Maharashtra,SALARIED,151034,2023-10-07
C000713,Laban,Mital,1982-07-14,F,Delhi,Delhi,BUSINESS_OWNER,244909,2023-11-04
C000714,Sai,Srinivas,1982-02-03,M,Pune,Maharashtra,SALARIED,75421,2020-03-21
C000715,Mitali,Nagar,1980-07-17,F,Chennai,Tamil Nadu,SELF_EMPLOYED,32205,2024-12-17
C000716,Vritti,Kibe,1982-11-20,F,Pune,Maharashtra,BUSINESS_OWNER,167720,2021-11-28
C000717,Avni,Ramaswamy,1985-07-20,M,Mumbai,Maharashtra,SELF_EMPLOYED,24104,2019-09-05
C000718,Ryan,Gole,1998-02-22,M,Ahmedabad,Gujarat,BUSINESS_OWNER,235194,2018-12-09
C000719,Triya,Kadakia,1990-07-19,M,Delhi,Delhi,SELF_EMPLOYED,62585,2025-06-30
C000720,Bishakha,Biswas,1988-07-21,M,Chennai,Tamil Nadu,BUSINESS_OWNER,238798,2024-06-07
C000721,Xalak,Dewan,2003-10-23,F,Delhi,Delhi,SELF_EMPLOYED,218078,2021-04-14
C000722,Wyatt,Krishnan,2005-07-14,M,Nashik,Maharashtra,BUSINESS_OWNER,215416,2020-01-08
C000723,Pallavi,Purohit,1965-09-29,M,Hyderabad,Telangana,SALARIED,134580,2022-07-13
C000724,Varenya,Rattan,1997-01-27,M,Ahmedabad,Gujarat,SELF_EMPLOYED,178641,2023-01-07
C000725,Omya,Bansal,1985-03-06,F,Chennai,Tamil Nadu,SELF_EMPLOYED,27766,2024-09-04
C000726,Frederick,Chopra,1977-08-08,F,Bengaluru,Karnataka,SELF_EMPLOYED,79805,2024-04-21
C000727,Isha,Ganesan,2004-09-27,F,Hyderabad,Telangana,SELF_EMPLOYED,68690,2023-12-03
C000728,Chaitanya,Ratta,1983-04-11,F,Chennai,Tamil Nadu,SALARIED,222419,2025-06-25
C000729,Qushi,Cherian,1961-06-06,F,Chennai,Tamil Nadu,SALARIED,206937,2019-07-20
C000730,Aarna,Kapadia,1995-06-18,M,Pune,Maharashtra,SELF_EMPLOYED,60428,2025-01-23
C000731,Zilmil,Kant,1991-01-17,M,Delhi,Delhi,BUSINESS_OWNER,122137,2021-11-22
C000732,Mahika,Sheth,2000-10-06,F,Hyderabad,Telangana,SALARIED,43991,2024-08-01
C000733,Xiti,Dora,1984-03-09,F,Mumbai,Maharashtra,SELF_EMPLOYED,114350,2018-12-02
C000734,Vasudha,Cheema,1980-10-25,M,Bengaluru,Karnataka,SALARIED,42884,2022-04-01
C000735,Frederick,D’Alia,1970-05-09,F,Nashik,Maharashtra,SELF_EMPLOYED,166010,2021-09-03
C000736,Devika,Oza,1991-09-12,F,Kolkata,West Bengal,SALARIED,26884,2025-05-19
C000737,Samuel,Verma,1993-07-29,F,Pune,Maharashtra,BUSINESS_OWNER,44396,2021-09-03
C000738,Vamakshi,Chatterjee,1990-07-12,F,Chennai,Tamil Nadu,SELF_EMPLOYED,23235,2024-11-07
C000739,Sneha,Nagar,1965-04-13,F,Bengaluru,Karnataka,SELF_EMPLOYED,224254,2021-04-06
C000740,Chaitanya,Contractor,1962-04-01,M,Pune,Maharashtra,BUSINESS_OWNER,156604,2025-12-07
C000741,Hemal,Chopra,1971-11-24,F,Nashik,Maharashtra,SALARIED,56396,2026-08-15
C000742,Yagnesh,Varty,1972-08-01,F,Bengaluru,Karnataka,SELF_EMPLOYED,149269,2023-05-28
C000743,Nathaniel,Narayanan,1998-10-23,M,Nashik,Maharashtra,SALARIED,133947,2022-05-03
C000744,Turvi,Kata,1988-04-10,F,Bengaluru,Karnataka,SELF_EMPLOYED,146938,2024-01-25
C000745,Qarin,Grewal,2004-04-18,F,Pune,Maharashtra,SELF_EMPLOYED,84642,2024-04-20
C000746,Rachana,Randhawa,1962-09-12,M,Jaipur,Rajasthan,SELF_EMPLOYED,48042,2024-12-24
C000747,Rudra,Sengupta,2001-01-04,F,Nashik,Maharashtra,SALARIED,123728,2022-05-13
C000748,Lopa,Agrawal,1975-04-30,F,Hyderabad,Telangana,SELF_EMPLOYED,135401,2020-06-17
C000749,Arya,Bhatnagar,2000-01-01,F,Hyderabad,Telangana,BUSINESS_OWNER,175816,2019-07-30
C000750,Rachit,Pau,1982-11-23,F,Nashik,Maharashtra,SELF_EMPLOYED,178128,2020-05-21
C000751,Tanvi,Comar,1978-07-25,F,Ahmedabad,Gujarat,SELF_EMPLOYED,66566,2024-05-31
C000752,Vrishti,Wable,2004-03-15,F,Delhi,Delhi,SELF_EMPLOYED,212642,2021-05-17
C000753,Lipika,Ramanathan,2000-08-28,M,Jaipur,Rajasthan,SELF_EMPLOYED,118580,2019-09-06
C000754,Ijaya,Pandey,1991-11-14,F,Bengaluru,Karnataka,SELF_EMPLOYED,49855,2023-12-18
C000755,Orinder,Mishra,2002-07-12,M,Chennai,Tamil Nadu,BUSINESS_OWNER,163033,2023-09-24
C000756,Frado,Desai,1982-01-09,M,Nashik,Maharashtra,BUSINESS_OWNER,141011,2019-09-18
C000757,William,Mody,1968-09-01,F,Ahmedabad,Gujarat,SELF_EMPLOYED,237915,2020-04-07
C000758,Kashvi,Dhaliwal,1995-06-22,F,Pune,Maharashtra,BUSINESS_OWNER,150889,2022-01-05
C000759,Omya,Devi,1999-10-29,F,Nashik,Maharashtra,SALARIED,86238,2021-12-22
C000760,Pallavi,Grewal,1993-10-30,F,Nashik,Maharashtra,SELF_EMPLOYED,39389,2024-02-12
C000761,Oscar,Ganesan,1994-01-12,F,Jaipur,Rajasthan,BUSINESS_OWNER,125068,2021-03-02
C000762,Logan,Grover,1982-02-12,F,Kolkata,West Bengal,BUSINESS_OWNER,29637,2025-11-14
C000763,Shravya,Bera,1985-02-21,M,Hyderabad,Telangana,SALARIED,221576,2018-10-16
C000764,Vedhika,Deshpande,1973-12-27,F,Ahmedabad,Gujarat,SALARIED,189607,2025-08-23
C000765,Leena,Tiwari,2005-02-25,M,Chennai,Tamil Nadu,BUSINESS_OWNER,189091,2022-12-02
C000766,Nilima,Swamy,1988-12-29,F,Delhi,Delhi,SELF_EMPLOYED,47772,2024-10-01
C000767,Sachi,Suresh,1972-02-04,M,Mumbai,Maharashtra,SELF_EMPLOYED,78196,2019-05-31
C000768,Azaan,Kannan,1980-08-02,M,Kolkata,West Bengal,SELF_EMPLOYED,118073,2018-12-27
C000769,Anvi,Kar,1997-04-18,F,Delhi,Delhi,BUSINESS_OWNER,174295,2021-03-01
C000770,Om,Shankar,1999-03-16,M,Kolkata,West Bengal,SELF_EMPLOYED,26438,2025-01-09
C000771,Warhi,Vaidya,1968-05-31,M,Jaipur,Rajasthan,SELF_EMPLOYED,129045,2023-08-01
C000772,Ishaan,Loyal,1997-09-01,M,Pune,Maharashtra,BUSINESS_OWNER,57139,2025-09-17
C000773,Jeevika,Barman,1990-09-30,F,Hyderabad,Telangana,SELF_EMPLOYED,139362,2023-05-11
C000774,Tejas,Sandal,1967-09-06,F,Ahmedabad,Gujarat,SELF_EMPLOYED,144823,2024-12-20
C000775,Yug,Mishra,1962-11-27,F,Pune,Maharashtra,BUSINESS_OWNER,202652,2022-07-15
C000776,Adya,Pall,1966-08-18,F,Jaipur,Rajasthan,SALARIED,98712,2022-06-12
C000777,Jacob,Khalsa,1974-12-29,M,Mumbai,Maharashtra,SALARIED,242607,2025-08-09
C000778,Indali,Sangha,1972-01-03,M,Hyderabad,Telangana,BUSINESS_OWNER,229728,2023-12-14
C000779,Liam,Jhaveri,1974-10-17,M,Nashik,Maharashtra,BUSINESS_OWNER,65731,2025-07-24
C000780,Daniel,Panchal,1996-12-06,M,Kolkata,West Bengal,SELF_EMPLOYED,166761,2021-02-06
C000781,Om,Naik,1980-08-16,F,Delhi,Delhi,SALARIED,229126,2021-03-03
C000782,Amara,Varkey,1967-03-11,M,Delhi,Delhi,SALARIED,187897,2019-11-12
C000783,Nisha,Bhargava,1979-08-01,F,Delhi,Delhi,SALARIED,213301,2026-01-31
C000784,Jonathan,Deo,1977-09-13,M,Chennai,Tamil Nadu,SELF_EMPLOYED,175242,2019-12-15
C000785,Ekanta,Kota,1987-06-08,F,Delhi,Delhi,SALARIED,204742,2022-11-15
C000786,Lucky,Luthra,2003-06-08,M,Ahmedabad,Gujarat,SELF_EMPLOYED,217217,2022-03-26
C000787,Keya,Seth,1965-11-06,M,Pune,Maharashtra,BUSINESS_OWNER,69010,2024-02-06
C000788,Girik,Rau,1995-10-19,F,Hyderabad,Telangana,SALARIED,139944,2025-02-01
C000789,Arunima,Pillay,1991-08-27,F,Pune,Maharashtra,BUSINESS_OWNER,246134,2022-11-11
C000790,Falak,Agate,1967-01-19,F,Jaipur,Rajasthan,BUSINESS_OWNER,121879,2024-12-04
C000791,Tara,Parmar,1965-01-08,F,Chennai,Tamil Nadu,BUSINESS_OWNER,49945,2025-06-24
C000792,Mitali,Kamdar,1989-12-12,F,Hyderabad,Telangana,SELF_EMPLOYED,181837,2025-09-22
C000793,Siddharth,Talwar,1978-12-26,F,Nashik,Maharashtra,BUSINESS_OWNER,174709,2021-06-16
C000794,Bhanumati,Nazareth,1997-12-15,M,Pune,Maharashtra,SELF_EMPLOYED,50896,2023-08-17
C000795,Kalpit,Sundaram,1984-02-07,F,Ahmedabad,Gujarat,SALARIED,67984,2026-04-26
C000796,Chanakya,Batra,1967-06-27,M,Hyderabad,Telangana,BUSINESS_OWNER,121833,2024-01-14
C000797,Tripti,Babu,1969-03-01,M,Delhi,Delhi,BUSINESS_OWNER,120587,2026-08-13
C000798,Nakul,Sastry,1991-10-11,M,Delhi,Delhi,SELF_EMPLOYED,186592,2018-09-19
C000799,Priya,Jain,1969-09-08,M,Kolkata,West Bengal,BUSINESS_OWNER,63742,2026-03-19
C000800,Chasmum,Dutt,1979-05-11,F,Jaipur,Rajasthan,SALARIED,69046,2019-07-03
C000801,Jalsa,Krishna,1966-04-27,F,Hyderabad,Telangana,BUSINESS_OWNER,34053,2021-11-15
C000802,Noah,Ben,1987-09-07,M,Hyderabad,Telangana,SELF_EMPLOYED,55791,2024-01-12
C000803,Dalaja,Kaur,1989-12-02,F,Ahmedabad,Gujarat,BUSINESS_OWNER,152497,2024-04-14
C000804,Gavin,Chandran,1960-10-14,F,Jaipur,Rajasthan,BUSINESS_OWNER,148902,2020-07-11
C000805,Vansha,Brahmbhatt,1969-09-28,F,Delhi,Delhi,SELF_EMPLOYED,63844,2023-10-05
C000806,Upkaar,Venkataraman,1990-12-31,M,Pune,Maharashtra,SALARIED,96569,2018-10-15
C000807,Abhiram,Oza,1968-12-01,F,Mumbai,Maharashtra,SALARIED,160930,2026-01-10
C000808,Pahal,Deo,1993-03-21,M,Bengaluru,Karnataka,SELF_EMPLOYED,168281,2019-04-25
C000809,Veer,Rajagopal,1966-10-16,M,Jaipur,Rajasthan,BUSINESS_OWNER,49938,2024-12-04
C000810,Harsh,Chauhan,1982-01-13,F,Bengaluru,Karnataka,BUSINESS_OWNER,235642,2021-11-01
C000811,Chandani,Devan,1986-10-03,F,Mumbai,Maharashtra,BUSINESS_OWNER,77289,2025-04-16
C000812,Kiaan,Dhar,1965-05-14,M,Delhi,Delhi,BUSINESS_OWNER,237598,2023-03-23
C000813,Abhiram,Gala,1990-08-29,F,Ahmedabad,Gujarat,SALARIED,137894,2021-09-12
C000814,Tanay,Doshi,1988-09-23,F,Bengaluru,Karnataka,SALARIED,135099,2023-12-14
C000815,Saanvi,Kalla,1966-08-11,M,Pune,Maharashtra,SALARIED,232520,2026-05-03
C000816,Harish,Dey,1969-02-03,F,Chennai,Tamil Nadu,BUSINESS_OWNER,179976,2023-09-22
C000817,Leena,Panchal,1989-12-06,M,Delhi,Delhi,BUSINESS_OWNER,56499,2021-05-21
C000818,Logan,Kota,1979-07-24,M,Ahmedabad,Gujarat,SALARIED,169441,2024-03-11
C000819,Frado,Kothari,1998-05-15,F,Hyderabad,Telangana,BUSINESS_OWNER,161234,2023-10-28
C000820,Bhavani,Bala,2005-07-07,F,Nashik,Maharashtra,BUSINESS_OWNER,96712,2026-02-28
C000821,Charvi,Jha,1995-12-11,F,Bengaluru,Karnataka,BUSINESS_OWNER,198074,2023-11-15
C000822,Yashodhara,Gulati,1987-05-16,M,Pune,Maharashtra,SELF_EMPLOYED,35541,2021-03-23
C000823,Chatura,Khatri,1994-05-22,M,Bengaluru,Karnataka,BUSINESS_OWNER,247037,2021-12-28
C000824,Isaiah,Khosla,1994-09-16,M,Nashik,Maharashtra,SALARIED,206487,2024-02-20
C000825,Ekavir,Wable,1961-07-13,M,Hyderabad,Telangana,BUSINESS_OWNER,122944,2021-10-12
C000826,Edhitha,Deo,1987-01-13,M,Jaipur,Rajasthan,BUSINESS_OWNER,185780,2026-01-12
C000827,Osha,Pau,1997-11-21,F,Bengaluru,Karnataka,SELF_EMPLOYED,138486,2024-07-08
C000828,Orinder,Sinha,1965-09-05,M,Pune,Maharashtra,SELF_EMPLOYED,155164,2018-11-07
C000829,Ekansh,Atwal,1978-07-21,F,Bengaluru,Karnataka,SELF_EMPLOYED,147937,2020-07-18
C000830,Balveer,Bhasin,1987-10-17,M,Hyderabad,Telangana,BUSINESS_OWNER,44416,2023-01-07
C000831,Bhavini,Thaker,1988-12-24,F,Jaipur,Rajasthan,SALARIED,228582,2022-04-25
C000832,Neelima,Butala,2004-04-19,F,Kolkata,West Bengal,SALARIED,132628,2023-04-11
C000833,Michael,Mall,1966-05-26,F,Ahmedabad,Gujarat,SELF_EMPLOYED,104637,2021-05-06
C000834,Farhan,Vaidya,1974-07-16,F,Bengaluru,Karnataka,BUSINESS_OWNER,171501,2025-08-01
C000835,Nachiket,Yadav,1982-12-12,F,Nashik,Maharashtra,SELF_EMPLOYED,198926,2022-01-12
C000836,Dominic,Mukherjee,1990-06-25,M,Mumbai,Maharashtra,SALARIED,184149,2024-12-01
C000837,William,Bhardwaj,1977-05-07,M,Jaipur,Rajasthan,SALARIED,244828,2019-06-11
C000838,Radha,D’Alia,1991-07-25,F,Nashik,Maharashtra,SELF_EMPLOYED,20177,2023-12-02
C000839,Christopher,More,2005-06-28,M,Delhi,Delhi,BUSINESS_OWNER,54580,2025-01-04
C000840,Parth,Dar,1961-07-28,M,Bengaluru,Karnataka,SELF_EMPLOYED,44468,2024-09-24
C000841,Laksh,Apte,1971-11-11,F,Hyderabad,Telangana,SALARIED,117476,2022-12-07
C000842,Idika,Virk,1995-11-28,M,Nashik,Maharashtra,SELF_EMPLOYED,183998,2025-05-15
C000843,Aashi,Ganesan,1986-01-06,M,Bengaluru,Karnataka,SELF_EMPLOYED,191831,2019-10-16
C000844,Amruta,Dalal,1962-09-16,M,Pune,Maharashtra,SALARIED,75947,2021-07-23
C000845,Pushti,Magar,1996-05-11,M,Jaipur,Rajasthan,SALARIED,175629,2019-04-03
C000846,Adya,Bose,1994-06-22,F,Ahmedabad,Gujarat,SALARIED,22113,2022-08-01
C000847,Yasti,Parsa,1964-06-25,M,Hyderabad,Telangana,SELF_EMPLOYED,201936,2022-12-17
C000848,Ojas,Pillai,1971-06-01,F,Nashik,Maharashtra,SALARIED,80017,2020-11-17
C000849,Harshil,D’Alia,1976-04-03,M,Delhi,Delhi,BUSINESS_OWNER,231276,2025-01-04
C000850,Yashodhara,Agate,1963-09-16,M,Pune,Maharashtra,SELF_EMPLOYED,116354,2026-01-05
C000851,Advik,Konda,1963-11-03,M,Bengaluru,Karnataka,SELF_EMPLOYED,222758,2022-09-21
C000852,Januja,Rajagopal,1970-12-04,M,Nashik,Maharashtra,SALARIED,159069,2020-03-26
C000853,Balendra,Saini,1975-12-28,M,Chennai,Tamil Nadu,BUSINESS_OWNER,190398,2021-06-12
C000854,Yuvraj,Saha,1982-06-26,F,Nashik,Maharashtra,SELF_EMPLOYED,209381,2021-01-06
C000855,Faras,Pradhan,1968-11-01,M,Ahmedabad,Gujarat,SELF_EMPLOYED,181500,2022-12-24
C000856,Charles,Gola,1975-11-25,M,Jaipur,Rajasthan,SALARIED,46336,2025-07-20
C000857,Zaitra,Batra,1987-12-30,M,Nashik,Maharashtra,BUSINESS_OWNER,211367,2019-04-19
C000858,Udyati,Mandal,1981-11-08,F,Delhi,Delhi,SELF_EMPLOYED,102445,2021-06-29
C000859,Gabriel,Shan,1961-04-03,M,Nashik,Maharashtra,SELF_EMPLOYED,188983,2021-11-06
C000860,Sai,Manne,1999-01-29,M,Pune,Maharashtra,BUSINESS_OWNER,177548,2025-05-20
C000861,Daksha,Kibe,1992-04-12,F,Chennai,Tamil Nadu,BUSINESS_OWNER,27031,2021-11-04
C000862,Wakeeta,Hayre,1997-11-26,M,Bengaluru,Karnataka,BUSINESS_OWNER,179102,2025-03-06
C000863,Yatan,Dora,1961-02-22,M,Kolkata,West Bengal,BUSINESS_OWNER,122695,2022-03-13
C000864,Arjun,Kaul,1997-07-25,M,Bengaluru,Karnataka,SALARIED,149731,2021-08-28
C000865,Aditya,Nayak,1960-10-23,M,Delhi,Delhi,SALARIED,150962,2025-03-01
C000866,Krisha,Mohanty,1967-10-14,M,Chennai,Tamil Nadu,BUSINESS_OWNER,23163,2020-06-15
C000867,Wazir,Saini,1994-03-12,F,Hyderabad,Telangana,SALARIED,121407,2019-03-22
C000868,Lucky,Mammen,1967-01-16,F,Chennai,Tamil Nadu,SELF_EMPLOYED,163224,2019-01-31
C000869,Vincent,Venkatesh,1988-10-26,F,Nashik,Maharashtra,SALARIED,24375,2024-09-02
C000870,Kashish,Shanker,1966-06-28,M,Chennai,Tamil Nadu,SALARIED,88730,2023-08-26
C000871,Girish,Tiwari,1969-10-18,M,Ahmedabad,Gujarat,SALARIED,226907,2024-02-17
C000872,Meera,Borde,2000-12-27,F,Delhi,Delhi,BUSINESS_OWNER,206811,2023-07-17
C000873,David,Saran,1969-08-09,F,Kolkata,West Bengal,SELF_EMPLOYED,203975,2020-09-21
C000874,Bishakha,Lal,1982-02-23,M,Delhi,Delhi,BUSINESS_OWNER,160657,2026-08-03
C000875,Maya,Narain,1982-05-10,M,Kolkata,West Bengal,SELF_EMPLOYED,41914,2022-07-24
C000876,Anita,Kaur,1965-10-17,M,Bengaluru,Karnataka,BUSINESS_OWNER,73267,2020-06-07
C000877,Laban,Chopra,1971-04-15,F,Nashik,Maharashtra,SELF_EMPLOYED,173730,2019-08-11
C000878,Nitesh,Sengupta,1992-06-04,F,Pune,Maharashtra,BUSINESS_OWNER,134684,2021-05-19
C000879,Niharika,Dara,1997-03-07,M,Ahmedabad,Gujarat,SALARIED,42600,2021-10-04
C000880,Sarthak,Seth,1981-09-10,M,Delhi,Delhi,SELF_EMPLOYED,180509,2022-08-26
C000881,Alka,Dar,1966-11-12,M,Chennai,Tamil Nadu,SELF_EMPLOYED,194608,2020-01-19
C000882,Daksha,Baria,1975-05-06,M,Nashik,Maharashtra,SALARIED,205571,2025-10-27
C000883,Falak,Divan,1966-12-02,M,Nashik,Maharashtra,SALARIED,150131,2024-10-04
C000884,Yuvraj,Parekh,1987-09-04,F,Hyderabad,Telangana,SALARIED,117483,2023-01-29
C000885,Chandran,Mistry,1978-06-01,F,Nashik,Maharashtra,BUSINESS_OWNER,50947,2025-09-07
C000886,Owen,Balasubramanian,1988-03-25,F,Mumbai,Maharashtra,SELF_EMPLOYED,91298,2025-12-24
C000887,Sneha,Krish,1967-02-27,M,Kolkata,West Bengal,SELF_EMPLOYED,206731,2022-08-22
C000888,Harsh,Dey,1968-12-22,M,Chennai,Tamil Nadu,SELF_EMPLOYED,139327,2018-10-24
C000889,David,Kapadia,1969-08-09,F,Kolkata,West Bengal,SALARIED,150969,2020-05-24
C000890,Nandini,Pradhan,2003-08-09,M,Chennai,Tamil Nadu,SELF_EMPLOYED,61237,2024-03-11
C000891,Frado,Lad,1965-10-24,M,Bengaluru,Karnataka,BUSINESS_OWNER,196716,2018-11-23
C000892,Dhruv,Hora,2004-09-02,M,Pune,Maharashtra,BUSINESS_OWNER,153385,2022-06-25
C000893,Kabir,Chanda,1983-04-10,M,Mumbai,Maharashtra,SALARIED,84107,2019-10-02
C000894,Brijesh,Shenoy,1964-02-27,F,Mumbai,Maharashtra,SELF_EMPLOYED,120395,2020-02-20
C000895,Rachita,Rana,1994-06-22,M,Nashik,Maharashtra,SALARIED,164930,2018-12-17
C000896,Lavanya,Sandhu,1972-06-21,M,Delhi,Delhi,SELF_EMPLOYED,85080,2021-09-20
C000897,Tanish,Grover,1979-06-04,F,Delhi,Delhi,SELF_EMPLOYED,236530,2021-02-02
C000898,Sanaya,Dixit,1963-01-26,F,Pune,Maharashtra,SALARIED,151607,2023-12-07
C000899,Yatan,Merchant,1994-08-30,M,Mumbai,Maharashtra,SALARIED,230852,2022-03-20
C000900,Varenya,Bhat,1966-09-06,M,Kolkata,West Bengal,SELF_EMPLOYED,38068,2021-02-02
C000901,Leela,Devan,1989-03-29,F,Jaipur,Rajasthan,SELF_EMPLOYED,105799,2020-05-28
C000902,Zaid,Bahl,1986-09-28,F,Pune,Maharashtra,SALARIED,116709,2025-05-12
C000903,Jagrati,Srinivasan,1997-10-07,F,Ahmedabad,Gujarat,BUSINESS_OWNER,225653,2025-05-10
C000904,Vedhika,Padmanabhan,1999-03-16,M,Bengaluru,Karnataka,SELF_EMPLOYED,116540,2022-12-25
C000905,Ekanta,Rama,1979-02-11,F,Chennai,Tamil Nadu,SALARIED,212010,2020-03-28
C000906,Atharv,Nagar,2001-05-06,M,Kolkata,West Bengal,SALARIED,21671,2020-07-28
C000907,Ayushman,Mand,1964-09-12,M,Delhi,Delhi,SALARIED,161962,2025-08-03
C000908,Urmi,Wagle,1985-01-13,M,Hyderabad,Telangana,SELF_EMPLOYED,20383,2025-03-26
C000909,Viraj,Dutta,1967-07-11,F,Delhi,Delhi,SALARIED,73790,2020-10-26
C000910,Wridesh,Lata,1997-01-10,M,Kolkata,West Bengal,SELF_EMPLOYED,148982,2025-08-27
C000911,Daksh,Kanda,1999-11-20,M,Mumbai,Maharashtra,BUSINESS_OWNER,93354,2025-11-28
C000912,Lipika,Pant,1972-07-13,M,Pune,Maharashtra,SALARIED,241643,2020-03-17
C000913,Warjas,Nadkarni,1985-02-15,F,Kolkata,West Bengal,BUSINESS_OWNER,117646,2026-06-26
C000914,Ayaan,Pandey,1999-05-05,M,Jaipur,Rajasthan,BUSINESS_OWNER,45054,2023-07-04
C000915,Lucky,Guha,1994-03-17,M,Kolkata,West Bengal,BUSINESS_OWNER,234948,2023-04-28
C000916,Dayamai,Gill,1994-01-31,M,Delhi,Delhi,BUSINESS_OWNER,168850,2019-01-12
C000917,Gautam,Bhalla,1976-07-16,F,Mumbai,Maharashtra,BUSINESS_OWNER,54264,2023-10-30
C000918,Theodore,Bahri,1996-07-14,F,Ahmedabad,Gujarat,SELF_EMPLOYED,243061,2022-10-11
C000919,Aadi,Narula,2002-07-03,F,Hyderabad,Telangana,BUSINESS_OWNER,238077,2020-06-03
C000920,Kalpit,Oak,1972-10-14,F,Hyderabad,Telangana,SELF_EMPLOYED,91291,2026-07-11
C000921,Ekiya,Bhargava,1962-03-15,M,Ahmedabad,Gujarat,SALARIED,55680,2019-12-19
C000922,Lucky,Choudhry,1996-07-11,M,Chennai,Tamil Nadu,SALARIED,47697,2026-01-12
C000923,Janya,Bora,1986-02-18,F,Nashik,Maharashtra,SELF_EMPLOYED,102321,2024-09-13
C000924,Meghana,Chaudhuri,1983-08-13,M,Delhi,Delhi,BUSINESS_OWNER,113922,2021-04-11
C000925,Ekantika,Deshpande,1971-06-06,F,Ahmedabad,Gujarat,SELF_EMPLOYED,141463,2024-12-09
C000926,Rajeshri,Sur,2004-11-20,M,Bengaluru,Karnataka,SALARIED,61317,2021-05-29
C000927,Owen,Parikh,1975-11-26,M,Bengaluru,Karnataka,SALARIED,239132,2024-05-15
C000928,Parth,Radhakrishnan,1981-08-04,M,Hyderabad,Telangana,SALARIED,206425,2024-12-14
C000929,Chaitaly,Datta,1972-10-20,F,Ahmedabad,Gujarat,SELF_EMPLOYED,154600,2024-11-28
C000930,Aarav,Raman,1999-04-30,F,Mumbai,Maharashtra,SELF_EMPLOYED,234981,2018-12-26
C000931,Qabil,Nadkarni,2002-04-25,M,Nashik,Maharashtra,SELF_EMPLOYED,244028,2020-08-03
C000932,Hemang,Taneja,1970-04-13,M,Jaipur,Rajasthan,SALARIED,141121,2021-07-11
C000933,Faras,Khanna,1984-04-24,M,Pune,Maharashtra,SALARIED,23134,2021-06-05
C000934,Oliver,Chakrabarti,2004-03-14,M,Mumbai,Maharashtra,SALARIED,71939,2024-11-29
C000935,Gautami,Sekhon,1961-06-27,F,Delhi,Delhi,BUSINESS_OWNER,185228,2020-12-18
C000936,Shaurya,Krish,1965-04-29,F,Pune,Maharashtra,SALARIED,25714,2021-09-09
C000937,Aahana,Chokshi,1960-10-18,M,Pune,Maharashtra,BUSINESS_OWNER,136242,2019-02-13
C000938,Libni,Sarma,1989-04-08,M,Nashik,Maharashtra,SELF_EMPLOYED,52119,2020-02-15
C000939,Odika,Tailor,1986-06-25,F,Mumbai,Maharashtra,SALARIED,64037,2021-09-12
C000940,Keya,Chaudhuri,1993-05-04,F,Chennai,Tamil Nadu,BUSINESS_OWNER,123546,2025-06-02
C000941,Umang,Gaba,1991-06-03,M,Jaipur,Rajasthan,SELF_EMPLOYED,199100,2019-05-04
C000942,Bahadurjit,Menon,1962-01-29,M,Delhi,Delhi,SELF_EMPLOYED,76286,2021-06-03
C000943,Advika,Cheema,1965-10-05,F,Nashik,Maharashtra,SELF_EMPLOYED,136919,2021-08-13
C000944,Onkar,Prashad,1971-08-30,M,Nashik,Maharashtra,BUSINESS_OWNER,182313,2024-12-08
C000945,Falan,Chander,1983-09-16,M,Chennai,Tamil Nadu,BUSINESS_OWNER,97360,2023-10-06
C000946,Vasudha,Balasubramanian,1990-01-23,F,Jaipur,Rajasthan,BUSINESS_OWNER,145575,2024-04-08
C000947,Nitesh,Saraf,1971-05-27,M,Mumbai,Maharashtra,SELF_EMPLOYED,120405,2019-03-02
C000948,Harrison,Narula,1974-09-12,F,Nashik,Maharashtra,SALARIED,188467,2020-04-29
C000949,Nimrat,Zachariah,1978-10-06,M,Kolkata,West Bengal,BUSINESS_OWNER,230283,2024-04-30
C000950,Baghyawati,Mishra,1976-11-16,M,Kolkata,West Bengal,SELF_EMPLOYED,224974,2019-07-12
C000951,Chandran,Ramaswamy,1999-08-15,F,Hyderabad,Telangana,BUSINESS_OWNER,224848,2023-05-21
C000952,Vritti,Dube,1964-06-02,F,Jaipur,Rajasthan,BUSINESS_OWNER,151699,2021-10-12
C000953,Aarush,Sane,1966-09-04,F,Hyderabad,Telangana,SELF_EMPLOYED,67137,2021-03-20
C000954,Varsha,Iyengar,1967-04-24,F,Mumbai,Maharashtra,BUSINESS_OWNER,77414,2018-12-05
C000955,Samuel,Garde,2004-02-21,F,Mumbai,Maharashtra,SALARIED,231983,2021-03-11
C000956,Finn,Solanki,1968-07-27,F,Jaipur,Rajasthan,BUSINESS_OWNER,81017,2021-05-02
C000957,Mitali,Sinha,1993-12-29,M,Nashik,Maharashtra,SALARIED,192193,2026-04-28
C000958,Alka,Chand,2004-05-22,F,Ahmedabad,Gujarat,BUSINESS_OWNER,233984,2023-05-04
C000959,Lila,Goyal,1985-12-16,M,Mumbai,Maharashtra,BUSINESS_OWNER,241906,2026-03-30
C000960,Lakshmi,Pingle,1973-05-29,F,Delhi,Delhi,SALARIED,66163,2022-07-02
C000961,Chaitanya,Lall,1990-08-20,F,Ahmedabad,Gujarat,BUSINESS_OWNER,202878,2022-08-31
C000962,Adya,Kara,1978-12-27,M,Hyderabad,Telangana,BUSINESS_OWNER,203647,2023-07-06
C000963,David,Dora,1967-04-17,M,Hyderabad,Telangana,BUSINESS_OWNER,69344,2019-06-10
C000964,Hemangini,Sachdev,2000-11-03,F,Jaipur,Rajasthan,SALARIED,148564,2020-08-23
C000965,Darsh,Ram,1996-04-09,M,Mumbai,Maharashtra,SALARIED,80980,2022-04-09
C000966,Vaishnavi,Keer,1993-02-13,M,Chennai,Tamil Nadu,SALARIED,158005,2021-04-02
C000967,Farhan,Rana,1963-01-28,M,Jaipur,Rajasthan,SELF_EMPLOYED,180991,2022-12-24
C000968,Zansi,Din,1968-11-23,M,Ahmedabad,Gujarat,SELF_EMPLOYED,207940,2025-02-24
C000969,Saumya,Ghose,1972-02-01,F,Nashik,Maharashtra,SALARIED,25744,2020-07-06
C000970,Reyansh,Date,1963-08-13,M,Nashik,Maharashtra,SALARIED,241899,2022-04-24
C000971,Farhan,Saran,1974-06-14,F,Kolkata,West Bengal,SALARIED,117934,2025-09-15
C000972,Manbir,Kuruvilla,1982-06-21,M,Delhi,Delhi,SELF_EMPLOYED,99105,2026-06-16
C000973,Ekalinga,Chahal,1987-02-14,M,Hyderabad,Telangana,SALARIED,211981,2023-06-11
C000974,Mekhala,Nanda,1979-07-05,F,Delhi,Delhi,BUSINESS_OWNER,103173,2023-02-17
C000975,Tara,Arora,2003-02-10,F,Nashik,Maharashtra,SALARIED,194465,2023-09-16
C000976,Oni,Chowdhury,1988-11-30,M,Chennai,Tamil Nadu,SELF_EMPLOYED,100431,2019-12-25
C000977,Manbir,Chaudhry,1967-11-25,M,Bengaluru,Karnataka,SALARIED,211058,2023-07-01
C000978,Harrison,Mangal,1997-02-28,F,Mumbai,Maharashtra,BUSINESS_OWNER,28488,2026-03-13
C000979,Hemangini,Roy,1978-09-08,F,Nashik,Maharashtra,BUSINESS_OWNER,77906,2021-12-20
C000980,Vedika,Solanki,1963-04-06,M,Chennai,Tamil Nadu,SELF_EMPLOYED,56868,2020-03-05
C000981,Anya,Rau,1970-07-02,M,Hyderabad,Telangana,SALARIED,110914,2023-12-20
C000982,Neelima,Barad,1987-08-24,M,Hyderabad,Telangana,BUSINESS_OWNER,43258,2026-04-11
C000983,Garima,Khanna,1964-01-25,F,Hyderabad,Telangana,SALARIED,89523,2025-01-19
C000984,Vaishnavi,Luthra,1986-01-21,M,Ahmedabad,Gujarat,BUSINESS_OWNER,37771,2018-11-18
C000985,Geetika,Mitter,1981-11-14,F,Hyderabad,Telangana,SALARIED,208852,2021-02-04
C000986,Vyanjana,Chaudhari,1976-03-22,M,Mumbai,Maharashtra,SELF_EMPLOYED,134876,2019-11-08
C000987,Charita,Savant,1982-07-19,M,Delhi,Delhi,SELF_EMPLOYED,149258,2021-01-01
C000988,Omaja,Chakraborty,1973-07-02,F,Delhi,Delhi,BUSINESS_OWNER,118395,2022-06-20
C000989,Siddharth,Ray,1993-09-05,F,Pune,Maharashtra,BUSINESS_OWNER,190647,2025-03-03
C000990,Zaitra,Prakash,1964-07-15,M,Ahmedabad,Gujarat,SELF_EMPLOYED,39322,2023-02-03
C000991,Nathan,Bhatti,1981-11-19,F,Mumbai,Maharashtra,SALARIED,103549,2024-09-29
C000992,Yashawini,Raval,1969-12-10,M,Bengaluru,Karnataka,SALARIED,109602,2025-05-07
C000993,Ayush,Ghose,1973-10-30,F,Nashik,Maharashtra,SALARIED,211885,2026-02-26
C000994,Sai,Bhardwaj,1977-09-09,M,Pune,Maharashtra,SELF_EMPLOYED,175721,2018-12-28
C000995,Tanmayi,Bedi,1985-03-27,F,Chennai,Tamil Nadu,BUSINESS_OWNER,28124,2024-09-14
C000996,Rushil,Mahal,1985-10-11,M,Delhi,Delhi,BUSINESS_OWNER,133823,2025-09-18
C000997,Ucchal,Tiwari,1987-09-22,M,Nashik,Maharashtra,SALARIED,106794,2024-02-12
C000998,Jatin,Balasubramanian,1977-03-05,M,Ahmedabad,Gujarat,SELF_EMPLOYED,202765,2021-11-17
C000999,Vrinda,Sehgal,1972-10-17,F,Kolkata,West Bengal,BUSINESS_OWNER,93799,2026-02-11
C001000,Urvi,Palla,1984-02-20,M,Bengaluru,Karnataka,SALARIED,33011,2020-02-07
